# atlas	512	512	35
32	1	1	0	0	0.0000	-25.5850	0.0000	-0.0000	18.0000
33	25	1	6	14	0.0000	-11.5850	6.0000	-14.0000	8.0000
34	49	1	14	7	0.0000	-11.5850	14.0000	-7.0000	16.0000
35	73	1	19	14	0.0000	-11.5850	19.0000	-14.0000	21.0000
36	97	1	16	19	0.0000	-9.5850	16.0000	-19.0000	18.0000
37	121	1	16	19	0.0000	-9.5850	16.0000	-19.0000	18.0000
38	145	1	16	19	0.0000	-9.5850	16.0000	-19.0000	18.0000
39	169	1	6	7	0.0000	-11.5850	6.0000	-7.0000	8.0000
40	193	1	11	14	0.0000	-11.5850	11.0000	-14.0000	13.0000
41	217	1	11	14	0.0000	-11.5850	11.0000	-14.0000	13.0000
42	241	1	16	12	0.0000	-11.5850	16.0000	-12.0000	18.0000
43	265	1	16	9	0.0000	-14.5850	16.0000	-9.0000	18.0000
44	289	1	6	9	0.0000	-19.5850	6.0000	-9.0000	8.0000
45	313	1	11	3	0.0000	-17.5850	11.0000	-3.0000	13.0000
46	337	1	6	6	0.0000	-19.5850	6.0000	-6.0000	8.0000
47	361	1	16	14	0.0000	-11.5850	16.0000	-14.0000	18.0000
48	385	1	16	14	0.0000	-11.5850	16.0000	-14.0000	18.0000
49	409	1	6	14	0.0000	-11.5850	6.0000	-14.0000	8.0000
50	433	1	16	14	0.0000	-11.5850	16.0000	-14.0000	18.0000
51	1	23	16	14	0.0000	-11.5850	16.0000	-14.0000	18.0000
52	25	23	16	14	0.0000	-11.5850	16.0000	-14.0000	18.0000
53	49	23	16	14	0.0000	-11.5850	16.0000	-14.0000	18.0000
54	73	23	16	14	0.0000	-11.5850	16.0000	-14.0000	18.0000
55	97	23	16	14	0.0000	-11.5850	16.0000	-14.0000	18.0000
56	121	23	16	14	0.0000	-11.5850	16.0000	-14.0000	18.0000
57	145	23	16	14	0.0000	-11.5850	16.0000	-14.0000	18.0000
58	169	23	6	14	0.0000	-11.5850	6.0000	-14.0000	8.0000
59	193	23	6	17	0.0000	-11.5850	6.0000	-17.0000	8.0000
60	217	23	11	14	0.0000	-11.5850	11.0000	-14.0000	13.0000
61	241	23	11	9	0.0000	-14.5850	11.0000	-9.0000	13.0000
62	265	23	11	14	0.0000	-11.5850	11.0000	-14.0000	13.0000
63	289	23	16	14	0.0000	-11.5850	16.0000	-14.0000	18.0000
64	313	23	19	19	0.0000	-9.5850	19.0000	-19.0000	21.0000
65	337	23	16	14	0.0000	-11.5850	16.0000	-14.0000	18.0000
66	361	23	16	14	0.0000	-11.5850	16.0000	-14.0000	18.0000
67	385	23	16	14	0.0000	-11.5850	16.0000	-14.0000	18.0000
68	409	23	16	14	0.0000	-11.5850	16.0000	-14.0000	18.0000
69	433	23	16	14	0.0000	-11.5850	16.0000	-14.0000	18.0000
70	1	45	16	14	0.0000	-11.5850	16.0000	-14.0000	18.0000
71	25	45	16	14	0.0000	-11.5850	16.0000	-14.0000	18.0000
72	49	45	16	14	0.0000	-11.5850	16.0000	-14.0000	18.0000
73	73	45	16	14	0.0000	-11.5850	16.0000	-14.0000	18.0000
74	97	45	16	14	0.0000	-11.5850	16.0000	-14.0000	18.0000
75	121	45	16	14	0.0000	-11.5850	16.0000	-14.0000	18.0000
76	145	45	16	14	0.0000	-11.5850	16.0000	-14.0000	18.0000
77	169	45	19	14	0.0000	-11.5850	19.0000	-14.0000	21.0000
78	193	45	16	14	0.0000	-11.5850	16.0000	-14.0000	18.0000
79	217	45	16	14	0.0000	-11.5850	16.0000	-14.0000	18.0000
80	241	45	16	14	0.0000	-11.5850	16.0000	-14.0000	18.0000
81	265	45	16	17	0.0000	-11.5850	16.0000	-17.0000	18.0000
82	289	45	16	14	0.0000	-11.5850	16.0000	-14.0000	18.0000
83	313	45	16	14	0.0000	-11.5850	16.0000	-14.0000	18.0000
84	337	45	16	14	0.0000	-11.5850	16.0000	-14.0000	18.0000
85	361	45	16	14	0.0000	-11.5850	16.0000	-14.0000	18.0000
86	385	45	16	14	0.0000	-11.5850	16.0000	-14.0000	18.0000
87	409	45	19	14	0.0000	-11.5850	19.0000	-14.0000	21.0000
88	433	45	16	14	0.0000	-11.5850	16.0000	-14.0000	18.0000
89	1	67	16	14	0.0000	-11.5850	16.0000	-14.0000	18.0000
90	25	67	16	14	0.0000	-11.5850	16.0000	-14.0000	18.0000
91	49	67	11	14	0.0000	-11.5850	11.0000	-14.0000	13.0000
92	73	67	16	14	0.0000	-11.5850	16.0000	-14.0000	18.0000
93	97	67	11	14	0.0000	-11.5850	11.0000	-14.0000	13.0000
94	121	67	8	9	0.0000	-11.5850	8.0000	-9.0000	11.0000
95	145	67	11	3	0.0000	-25.5850	11.0000	-3.0000	13.0000
96	169	67	6	7	0.0000	-11.5850	6.0000	-7.0000	8.0000
97	193	67	16	14	0.0000	-11.5850	16.0000	-14.0000	18.0000
98	217	67	16	14	0.0000	-11.5850	16.0000	-14.0000	18.0000
99	241	67	16	14	0.0000	-11.5850	16.0000	-14.0000	18.0000
100	265	67	16	14	0.0000	-11.5850	16.0000	-14.0000	18.0000
101	289	67	16	14	0.0000	-11.5850	16.0000	-14.0000	18.0000
102	313	67	16	14	0.0000	-11.5850	16.0000	-14.0000	18.0000
103	337	67	16	14	0.0000	-11.5850	16.0000	-14.0000	18.0000
104	361	67	16	14	0.0000	-11.5850	16.0000	-14.0000	18.0000
105	385	67	6	14	0.0000	-11.5850	6.0000	-14.0000	8.0000
106	409	67	16	14	0.0000	-11.5850	16.0000	-14.0000	18.0000
107	433	67	16	14	0.0000	-11.5850	16.0000	-14.0000	18.0000
108	1	89	16	14	0.0000	-11.5850	16.0000	-14.0000	18.0000
109	25	89	21	14	0.0000	-11.5850	21.0000	-14.0000	24.0000
110	49	89	16	14	0.0000	-11.5850	16.0000	-14.0000	18.0000
111	73	89	16	14	0.0000	-11.5850	16.0000	-14.0000	18.0000
112	97	89	16	14	0.0000	-11.5850	16.0000	-14.0000	18.0000
113	121	89	16	17	0.0000	-11.5850	16.0000	-17.0000	18.0000
114	145	89	16	14	0.0000	-11.5850	16.0000	-14.0000	18.0000
115	169	89	16	14	0.0000	-11.5850	16.0000	-14.0000	18.0000
116	193	89	16	14	0.0000	-11.5850	16.0000	-14.0000	18.0000
117	217	89	16	14	0.0000	-11.5850	16.0000	-14.0000	18.0000
118	241	89	16	14	0.0000	-11.5850	16.0000	-14.0000	18.0000
119	265	89	21	14	0.0000	-11.5850	21.0000	-14.0000	24.0000
120	289	89	16	14	0.0000	-11.5850	16.0000	-14.0000	18.0000
121	313	89	16	14	0.0000	-11.5850	16.0000	-14.0000	18.0000
122	337	89	16	14	0.0000	-11.5850	16.0000	-14.0000	18.0000
123	361	89	14	14	0.0000	-11.5850	14.0000	-14.0000	16.0000
124	385	89	6	20	0.0000	-11.5850	6.0000	-20.0000	8.0000
125	409	89	14	14	0.0000	-11.5850	14.0000	-14.0000	16.0000
126	433	89	16	11	0.0000	-14.5850	16.0000	-11.0000	18.0000
183	1	111	10	18	0.0000	-9.5850	10.0000	-18.0000	10.0000
8201	25	111	1	1	0.0000	-25.5850	0.0000	0.0000	9.0000
8212	49	111	21	18	0.0000	-9.5850	21.0000	-18.0000	21.0000
8216	73	111	22	18	0.0000	-9.5850	22.0000	-18.0000	22.0000
8217	97	111	22	18	0.0000	-9.5850	22.0000	-18.0000	22.0000
8220	121	111	21	18	0.0000	-9.5850	21.0000	-18.0000	21.0000
8221	145	111	21	18	0.0000	-9.5850	21.0000	-18.0000	21.0000
8230	169	111	21	18	0.0000	-9.5850	21.0000	-18.0000	21.0000
12289	193	111	21	18	0.0000	-9.5850	21.0000	-18.0000	21.0000
12290	217	111	21	18	0.0000	-9.5850	21.0000	-18.0000	21.0000
12298	241	111	21	18	0.0000	-9.5850	21.0000	-18.0000	21.0000
12299	265	111	21	18	0.0000	-9.5850	21.0000	-18.0000	21.0000
12300	289	111	21	18	0.0000	-9.5850	21.0000	-18.0000	21.0000
12301	313	111	21	18	0.0000	-9.5850	21.0000	-18.0000	21.0000
12302	337	111	21	18	0.0000	-9.5850	21.0000	-18.0000	21.0000
12303	361	111	21	18	0.0000	-9.5850	21.0000	-18.0000	21.0000
12304	385	111	21	18	0.0000	-9.5850	21.0000	-18.0000	21.0000
12305	409	111	21	18	0.0000	-9.5850	21.0000	-18.0000	21.0000
19968	433	111	21	18	0.0000	-9.5850	21.0000	-18.0000	21.0000
19978	1	133	21	18	0.0000	-9.5850	21.0000	-18.0000	21.0000
19979	25	133	21	18	0.0000	-9.5850	21.0000	-18.0000	21.0000
19981	49	133	21	18	0.0000	-9.5850	21.0000	-18.0000	21.0000
20010	73	133	21	18	0.0000	-9.5850	21.0000	-18.0000	21.0000
20013	97	133	21	18	0.0000	-9.5850	21.0000	-18.0000	21.0000
20026	121	133	21	18	0.0000	-9.5850	21.0000	-18.0000	21.0000
20027	145	133	21	18	0.0000	-9.5850	21.0000	-18.0000	21.0000
20048	169	133	21	18	0.0000	-9.5850	21.0000	-18.0000	21.0000
20063	193	133	21	18	0.0000	-9.5850	21.0000	-18.0000	21.0000
20102	217	133	21	18	0.0000	-9.5850	21.0000	-18.0000	21.0000
20132	241	133	21	18	0.0000	-9.5850	21.0000	-18.0000	21.0000
20154	265	133	21	18	0.0000	-9.5850	21.0000	-18.0000	21.0000
20167	289	133	21	18	0.0000	-9.5850	21.0000	-18.0000	21.0000
20174	313	133	21	18	0.0000	-9.5850	21.0000	-18.0000	21.0000
20179	337	133	21	18	0.0000	-9.5850	21.0000	-18.0000	21.0000
20182	361	133	21	18	0.0000	-9.5850	21.0000	-18.0000	21.0000
20197	385	133	21	18	0.0000	-9.5850	21.0000	-18.0000	21.0000
20214	409	133	21	18	0.0000	-9.5850	21.0000	-18.0000	21.0000
20215	433	133	21	18	0.0000	-9.5850	21.0000	-18.0000	21.0000
20239	1	155	21	18	0.0000	-9.5850	21.0000	-18.0000	21.0000
20250	25	155	21	18	0.0000	-9.5850	21.0000	-18.0000	21.0000
20301	49	155	21	18	0.0000	-9.5850	21.0000	-18.0000	21.0000
20303	73	155	21	18	0.0000	-9.5850	21.0000	-18.0000	21.0000
20307	97	155	21	18	0.0000	-9.5850	21.0000	-18.0000	21.0000
20313	121	155	21	18	0.0000	-9.5850	21.0000	-18.0000	21.0000
20316	145	155	21	18	0.0000	-9.5850	21.0000	-18.0000	21.0000
20320	169	155	21	18	0.0000	-9.5850	21.0000	-18.0000	21.0000
20351	193	155	21	18	0.0000	-9.5850	21.0000	-18.0000	21.0000
20445	217	155	21	18	0.0000	-9.5850	21.0000	-18.0000	21.0000
20572	241	155	21	18	0.0000	-9.5850	21.0000	-18.0000	21.0000
20687	265	155	21	18	0.0000	-9.5850	21.0000	-18.0000	21.0000
20811	289	155	21	18	0.0000	-9.5850	21.0000	-18.0000	21.0000
20840	313	155	21	18	0.0000	-9.5850	21.0000	-18.0000	21.0000
20851	337	155	21	18	0.0000	-9.5850	21.0000	-18.0000	21.0000
20877	361	155	21	18	0.0000	-9.5850	21.0000	-18.0000	21.0000
20882	385	155	21	18	0.0000	-9.5850	21.0000	-18.0000	21.0000
20891	409	155	21	18	0.0000	-9.5850	21.0000	-18.0000	21.0000
20912	433	155	21	18	0.0000	-9.5850	21.0000	-18.0000	21.0000
20914	1	177	21	18	0.0000	-9.5850	21.0000	-18.0000	21.0000
20986	25	177	21	18	0.0000	-9.5850	21.0000	-18.0000	21.0000
20987	49	177	21	18	0.0000	-9.5850	21.0000	-18.0000	21.0000
20998	73	177	21	18	0.0000	-9.5850	21.0000	-18.0000	21.0000
21015	97	177	21	18	0.0000	-9.5850	21.0000	-18.0000	21.0000
21024	121	177	21	18	0.0000	-9.5850	21.0000	-18.0000	21.0000
21040	145	177	21	18	0.0000	-9.5850	21.0000	-18.0000	21.0000
21046	169	177	21	18	0.0000	-9.5850	21.0000	-18.0000	21.0000
21050	193	177	21	18	0.0000	-9.5850	21.0000	-18.0000	21.0000
21069	217	177	21	18	0.0000	-9.5850	21.0000	-18.0000	21.0000
21147	241	177	21	18	0.0000	-9.5850	21.0000	-18.0000	21.0000
21152	265	177	21	18	0.0000	-9.5850	21.0000	-18.0000	21.0000
21160	289	177	21	18	0.0000	-9.5850	21.0000	-18.0000	21.0000
21253	313	177	21	18	0.0000	-9.5850	21.0000	-18.0000	21.0000
21270	337	177	21	18	0.0000	-9.5850	21.0000	-18.0000	21.0000
21313	361	177	21	18	0.0000	-9.5850	21.0000	-18.0000	21.0000
21320	385	177	21	18	0.0000	-9.5850	21.0000	-18.0000	21.0000
21326	409	177	21	18	0.0000	-9.5850	21.0000	-18.0000	21.0000
21345	433	177	21	18	0.0000	-9.5850	21.0000	-18.0000	21.0000
21363	1	199	21	18	0.0000	-9.5850	21.0000	-18.0000	21.0000
21381	25	199	21	18	0.0000	-9.5850	21.0000	-18.0000	21.0000
21457	49	199	21	18	0.0000	-9.5850	21.0000	-18.0000	21.0000
21462	73	199	21	18	0.0000	-9.5850	21.0000	-18.0000	21.0000
21478	97	199	21	18	0.0000	-9.5850	21.0000	-18.0000	21.0000
21482	121	199	21	18	0.0000	-9.5850	21.0000	-18.0000	21.0000
21487	145	199	21	18	0.0000	-9.5850	21.0000	-18.0000	21.0000
21491	169	199	21	18	0.0000	-9.5850	21.0000	-18.0000	21.0000
21495	193	199	21	18	0.0000	-9.5850	21.0000	-18.0000	21.0000
21516	217	199	21	18	0.0000	-9.5850	21.0000	-18.0000	21.0000
21517	241	199	21	18	0.0000	-9.5850	21.0000	-18.0000	21.0000
21521	265	199	21	18	0.0000	-9.5850	21.0000	-18.0000	21.0000
21527	289	199	21	18	0.0000	-9.5850	21.0000	-18.0000	21.0000
21542	313	199	21	18	0.0000	-9.5850	21.0000	-18.0000	21.0000
21551	337	199	21	18	0.0000	-9.5850	21.0000	-18.0000	21.0000
21619	361	199	21	18	0.0000	-9.5850	21.0000	-18.0000	21.0000
21629	385	199	21	18	0.0000	-9.5850	21.0000	-18.0000	21.0000
21806	409	199	21	18	0.0000	-9.5850	21.0000	-18.0000	21.0000
21913	433	199	21	18	0.0000	-9.5850	21.0000	-18.0000	21.0000
22120	1	221	21	18	0.0000	-9.5850	21.0000	-18.0000	21.0000
22238	25	221	21	18	0.0000	-9.5850	21.0000	-18.0000	21.0000
22242	49	221	21	18	0.0000	-9.5850	21.0000	-18.0000	21.0000
22269	73	221	21	18	0.0000	-9.5850	21.0000	-18.0000	21.0000
22270	97	221	21	18	0.0000	-9.5850	21.0000	-18.0000	21.0000
22312	121	221	21	18	0.0000	-9.5850	21.0000	-18.0000	21.0000
22402	145	221	21	18	0.0000	-9.5850	21.0000	-18.0000	21.0000
22791	169	221	21	18	0.0000	-9.5850	21.0000	-18.0000	21.0000
22797	193	221	21	18	0.0000	-9.5850	21.0000	-18.0000	21.0000
22812	217	221	21	18	0.0000	-9.5850	21.0000	-18.0000	21.0000
22823	241	221	21	18	0.0000	-9.5850	21.0000	-18.0000	21.0000
22836	265	221	21	18	0.0000	-9.5850	21.0000	-18.0000	21.0000
22855	289	221	21	18	0.0000	-9.5850	21.0000	-18.0000	21.0000
22987	313	221	21	18	0.0000	-9.5850	21.0000	-18.0000	21.0000
23383	337	221	21	18	0.0000	-9.5850	21.0000	-18.0000	21.0000
23384	361	221	21	18	0.0000	-9.5850	21.0000	-18.0000	21.0000
23436	385	221	21	18	0.0000	-9.5850	21.0000	-18.0000	21.0000
23450	409	221	21	18	0.0000	-9.5850	21.0000	-18.0000	21.0000
23458	433	221	21	18	0.0000	-9.5850	21.0000	-18.0000	21.0000
23478	1	243	21	18	0.0000	-9.5850	21.0000	-18.0000	21.0000
23545	25	243	21	18	0.0000	-9.5850	21.0000	-18.0000	21.0000
23548	49	243	21	18	0.0000	-9.5850	21.0000	-18.0000	21.0000
23558	73	243	21	18	0.0000	-9.5850	21.0000	-18.0000	21.0000
23578	97	243	21	18	0.0000	-9.5850	21.0000	-18.0000	21.0000
23616	121	243	21	18	0.0000	-9.5850	21.0000	-18.0000	21.0000
23631	145	243	21	18	0.0000	-9.5850	21.0000	-18.0000	21.0000
23646	169	243	21	18	0.0000	-9.5850	21.0000	-18.0000	21.0000
23721	193	243	21	18	0.0000	-9.5850	21.0000	-18.0000	21.0000
24038	217	243	21	18	0.0000	-9.5850	21.0000	-18.0000	21.0000
24050	241	243	21	18	0.0000	-9.5850	21.0000	-18.0000	21.0000
24052	265	243	21	18	0.0000	-9.5850	21.0000	-18.0000	21.0000
24093	289	243	21	18	0.0000	-9.5850	21.0000	-18.0000	21.0000
24182	313	243	21	18	0.0000	-9.5850	21.0000	-18.0000	21.0000
24211	337	243	21	18	0.0000	-9.5850	21.0000	-18.0000	21.0000
24212	361	243	21	18	0.0000	-9.5850	21.0000	-18.0000	21.0000
24230	385	243	21	18	0.0000	-9.5850	21.0000	-18.0000	21.0000
24320	409	243	21	18	0.0000	-9.5850	21.0000	-18.0000	21.0000
24335	433	243	21	18	0.0000	-9.5850	21.0000	-18.0000	21.0000
24378	1	265	21	18	0.0000	-9.5850	21.0000	-18.0000	21.0000
24403	25	265	21	18	0.0000	-9.5850	21.0000	-18.0000	21.0000
24405	49	265	21	18	0.0000	-9.5850	21.0000	-18.0000	21.0000
24449	73	265	21	18	0.0000	-9.5850	21.0000	-18.0000	21.0000
24471	97	265	21	18	0.0000	-9.5850	21.0000	-18.0000	21.0000
24615	121	265	21	18	0.0000	-9.5850	21.0000	-18.0000	21.0000
25103	145	265	21	18	0.0000	-9.5850	21.0000	-18.0000	21.0000
25104	169	265	21	18	0.0000	-9.5850	21.0000	-18.0000	21.0000
25112	193	265	21	18	0.0000	-9.5850	21.0000	-18.0000	21.0000
25152	217	265	21	18	0.0000	-9.5850	21.0000	-18.0000	21.0000
25163	241	265	21	18	0.0000	-9.5850	21.0000	-18.0000	21.0000
25165	265	265	21	18	0.0000	-9.5850	21.0000	-18.0000	21.0000
25171	289	265	21	18	0.0000	-9.5850	21.0000	-18.0000	21.0000
25203	313	265	21	18	0.0000	-9.5850	21.0000	-18.0000	21.0000
25216	337	265	21	18	0.0000	-9.5850	21.0000	-18.0000	21.0000
25239	361	265	21	18	0.0000	-9.5850	21.0000	-18.0000	21.0000
25289	385	265	21	18	0.0000	-9.5850	21.0000	-18.0000	21.0000
25321	409	265	21	18	0.0000	-9.5850	21.0000	-18.0000	21.0000
25345	433	265	21	18	0.0000	-9.5850	21.0000	-18.0000	21.0000
25353	1	287	21	18	0.0000	-9.5850	21.0000	-18.0000	21.0000
25377	25	287	21	18	0.0000	-9.5850	21.0000	-18.0000	21.0000
25442	49	287	21	18	0.0000	-9.5850	21.0000	-18.0000	21.0000
25490	73	287	21	18	0.0000	-9.5850	21.0000	-18.0000	21.0000
25670	97	287	21	18	0.0000	-9.5850	21.0000	-18.0000	21.0000
25671	121	287	21	18	0.0000	-9.5850	21.0000	-18.0000	21.0000
25805	145	287	21	18	0.0000	-9.5850	21.0000	-18.0000	21.0000
25910	169	287	21	18	0.0000	-9.5850	21.0000	-18.0000	21.0000
25915	193	287	21	18	0.0000	-9.5850	21.0000	-18.0000	21.0000
25928	217	287	21	18	0.0000	-9.5850	21.0000	-18.0000	21.0000
25968	241	287	21	18	0.0000	-9.5850	21.0000	-18.0000	21.0000
25991	265	287	21	18	0.0000	-9.5850	21.0000	-18.0000	21.0000
26007	289	287	21	18	0.0000	-9.5850	21.0000	-18.0000	21.0000
26031	313	287	21	18	0.0000	-9.5850	21.0000	-18.0000	21.0000
26032	337	287	21	18	0.0000	-9.5850	21.0000	-18.0000	21.0000
26041	361	287	21	18	0.0000	-9.5850	21.0000	-18.0000	21.0000
26080	385	287	21	18	0.0000	-9.5850	21.0000	-18.0000	21.0000
26102	409	287	21	18	0.0000	-9.5850	21.0000	-18.0000	21.0000
26143	433	287	21	18	0.0000	-9.5850	21.0000	-18.0000	21.0000
26159	1	309	21	18	0.0000	-9.5850	21.0000	-18.0000	21.0000
26242	25	309	21	18	0.0000	-9.5850	21.0000	-18.0000	21.0000
26263	49	309	21	18	0.0000	-9.5850	21.0000	-18.0000	21.0000
26354	73	309	21	18	0.0000	-9.5850	21.0000	-18.0000	21.0000
26377	97	309	21	18	0.0000	-9.5850	21.0000	-18.0000	21.0000
26381	121	309	21	18	0.0000	-9.5850	21.0000	-18.0000	21.0000
26410	145	309	21	18	0.0000	-9.5850	21.0000	-18.0000	21.0000
26426	169	309	21	18	0.0000	-9.5850	21.0000	-18.0000	21.0000
26432	193	309	21	18	0.0000	-9.5850	21.0000	-18.0000	21.0000
26438	217	309	21	18	0.0000	-9.5850	21.0000	-18.0000	21.0000
26465	241	309	21	18	0.0000	-9.5850	21.0000	-18.0000	21.0000
26469	265	309	21	18	0.0000	-9.5850	21.0000	-18.0000	21.0000
26480	289	309	21	18	0.0000	-9.5850	21.0000	-18.0000	21.0000
26564	313	309	21	18	0.0000	-9.5850	21.0000	-18.0000	21.0000
26597	337	309	21	18	0.0000	-9.5850	21.0000	-18.0000	21.0000
26631	361	309	21	18	0.0000	-9.5850	21.0000	-18.0000	21.0000
26680	385	309	21	18	0.0000	-9.5850	21.0000	-18.0000	21.0000
26684	409	309	21	18	0.0000	-9.5850	21.0000	-18.0000	21.0000
26705	433	309	21	18	0.0000	-9.5850	21.0000	-18.0000	21.0000
26723	1	331	21	18	0.0000	-9.5850	21.0000	-18.0000	21.0000
27133	25	331	21	18	0.0000	-9.5850	21.0000	-18.0000	21.0000
27169	49	331	21	18	0.0000	-9.5850	21.0000	-18.0000	21.0000
27178	73	331	21	18	0.0000	-9.5850	21.0000	-18.0000	21.0000
27225	97	331	21	18	0.0000	-9.5850	21.0000	-18.0000	21.0000
27492	121	331	21	18	0.0000	-9.5850	21.0000	-18.0000	21.0000
27493	145	331	21	18	0.0000	-9.5850	21.0000	-18.0000	21.0000
27530	169	331	21	18	0.0000	-9.5850	21.0000	-18.0000	21.0000
27602	193	331	21	18	0.0000	-9.5850	21.0000	-18.0000	21.0000
27668	217	331	21	18	0.0000	-9.5850	21.0000	-18.0000	21.0000
27700	241	331	21	18	0.0000	-9.5850	21.0000	-18.0000	21.0000
27744	265	331	21	18	0.0000	-9.5850	21.0000	-18.0000	21.0000
27809	289	331	21	18	0.0000	-9.5850	21.0000	-18.0000	21.0000
27969	313	331	21	18	0.0000	-9.5850	21.0000	-18.0000	21.0000
27979	337	331	21	18	0.0000	-9.5850	21.0000	-18.0000	21.0000
28040	361	331	21	18	0.0000	-9.5850	21.0000	-18.0000	21.0000
28082	385	331	21	18	0.0000	-9.5850	21.0000	-18.0000	21.0000
28216	409	331	21	18	0.0000	-9.5850	21.0000	-18.0000	21.0000
28385	433	331	21	18	0.0000	-9.5850	21.0000	-18.0000	21.0000
28784	1	353	21	18	0.0000	-9.5850	21.0000	-18.0000	21.0000
28789	25	353	21	18	0.0000	-9.5850	21.0000	-18.0000	21.0000
28843	49	353	21	18	0.0000	-9.5850	21.0000	-18.0000	21.0000
28908	73	353	21	18	0.0000	-9.5850	21.0000	-18.0000	21.0000
29076	97	353	21	18	0.0000	-9.5850	21.0000	-18.0000	21.0000
29228	121	353	21	18	0.0000	-9.5850	21.0000	-18.0000	21.0000
29256	145	353	21	18	0.0000	-9.5850	21.0000	-18.0000	21.0000
29305	169	353	21	18	0.0000	-9.5850	21.0000	-18.0000	21.0000
29575	193	353	21	18	0.0000	-9.5850	21.0000	-18.0000	21.0000
29609	217	353	21	18	0.0000	-9.5850	21.0000	-18.0000	21.0000
29616	241	353	21	18	0.0000	-9.5850	21.0000	-18.0000	21.0000
29980	265	353	21	18	0.0000	-9.5850	21.0000	-18.0000	21.0000
29983	289	353	21	18	0.0000	-9.5850	21.0000	-18.0000	21.0000
29992	313	353	21	18	0.0000	-9.5850	21.0000	-18.0000	21.0000
30005	337	353	21	18	0.0000	-9.5850	21.0000	-18.0000	21.0000
30142	361	353	21	18	0.0000	-9.5850	21.0000	-18.0000	21.0000
30333	385	353	21	18	0.0000	-9.5850	21.0000	-18.0000	21.0000
30340	409	353	21	18	0.0000	-9.5850	21.0000	-18.0000	21.0000
30446	433	353	21	18	0.0000	-9.5850	21.0000	-18.0000	21.0000
30452	1	375	21	18	0.0000	-9.5850	21.0000	-18.0000	21.0000
30475	25	375	21	18	0.0000	-9.5850	21.0000	-18.0000	21.0000
30830	49	375	21	18	0.0000	-9.5850	21.0000	-18.0000	21.0000
30913	73	375	21	18	0.0000	-9.5850	21.0000	-18.0000	21.0000
31354	97	375	21	18	0.0000	-9.5850	21.0000	-18.0000	21.0000
31361	121	375	21	18	0.0000	-9.5850	21.0000	-18.0000	21.0000
31532	145	375	21	18	0.0000	-9.5850	21.0000	-18.0000	21.0000
31616	169	375	21	18	0.0000	-9.5850	21.0000	-18.0000	21.0000
31735	193	375	21	18	0.0000	-9.5850	21.0000	-18.0000	21.0000
31934	217	375	21	18	0.0000	-9.5850	21.0000	-18.0000	21.0000
31995	241	375	21	18	0.0000	-9.5850	21.0000	-18.0000	21.0000
32043	265	375	21	18	0.0000	-9.5850	21.0000	-18.0000	21.0000
32418	289	375	21	18	0.0000	-9.5850	21.0000	-18.0000	21.0000
32437	313	375	21	18	0.0000	-9.5850	21.0000	-18.0000	21.0000
32452	337	375	21	18	0.0000	-9.5850	21.0000	-18.0000	21.0000
32479	361	375	21	18	0.0000	-9.5850	21.0000	-18.0000	21.0000
32487	385	375	21	18	0.0000	-9.5850	21.0000	-18.0000	21.0000
32493	409	375	21	18	0.0000	-9.5850	21.0000	-18.0000	21.0000
32580	433	375	21	18	0.0000	-9.5850	21.0000	-18.0000	21.0000
32622	1	397	21	18	0.0000	-9.5850	21.0000	-18.0000	21.0000
32773	25	397	21	18	0.0000	-9.5850	21.0000	-18.0000	21.0000
32972	49	397	21	18	0.0000	-9.5850	21.0000	-18.0000	21.0000
32988	73	397	21	18	0.0000	-9.5850	21.0000	-18.0000	21.0000
33021	97	397	21	18	0.0000	-9.5850	21.0000	-18.0000	21.0000
33268	121	397	21	18	0.0000	-9.5850	21.0000	-18.0000	21.0000
33394	145	397	21	18	0.0000	-9.5850	21.0000	-18.0000	21.0000
33521	169	397	21	18	0.0000	-9.5850	21.0000	-18.0000	21.0000
33609	193	397	21	18	0.0000	-9.5850	21.0000	-18.0000	21.0000
33655	217	397	21	18	0.0000	-9.5850	21.0000	-18.0000	21.0000
33683	241	397	21	18	0.0000	-9.5850	21.0000	-18.0000	21.0000
33719	265	397	21	18	0.0000	-9.5850	21.0000	-18.0000	21.0000
34013	289	397	21	18	0.0000	-9.5850	21.0000	-18.0000	21.0000
34180	313	397	21	18	0.0000	-9.5850	21.0000	-18.0000	21.0000
34255	337	397	21	18	0.0000	-9.5850	21.0000	-18.0000	21.0000
34411	361	397	21	18	0.0000	-9.5850	21.0000	-18.0000	21.0000
34588	385	397	21	18	0.0000	-9.5850	21.0000	-18.0000	21.0000
34892	409	397	21	18	0.0000	-9.5850	21.0000	-18.0000	21.0000
34987	433	397	21	18	0.0000	-9.5850	21.0000	-18.0000	21.0000
34989	1	419	21	18	0.0000	-9.5850	21.0000	-18.0000	21.0000
35013	25	419	21	18	0.0000	-9.5850	21.0000	-18.0000	21.0000
35201	49	419	21	18	0.0000	-9.5850	21.0000	-18.0000	21.0000
35299	73	419	21	18	0.0000	-9.5850	21.0000	-18.0000	21.0000
35745	97	419	21	18	0.0000	-9.5850	21.0000	-18.0000	21.0000
35748	121	419	21	18	0.0000	-9.5850	21.0000	-18.0000	21.0000
35774	145	419	21	18	0.0000	-9.5850	21.0000	-18.0000	21.0000
35797	169	419	21	18	0.0000	-9.5850	21.0000	-18.0000	21.0000
35831	193	419	21	18	0.0000	-9.5850	21.0000	-18.0000	21.0000
35835	217	419	21	18	0.0000	-9.5850	21.0000	-18.0000	21.0000
35946	241	419	21	18	0.0000	-9.5850	21.0000	-18.0000	21.0000
36133	265	419	21	18	0.0000	-9.5850	21.0000	-18.0000	21.0000
36187	289	419	21	18	0.0000	-9.5850	21.0000	-18.0000	21.0000
36229	313	419	21	18	0.0000	-9.5850	21.0000	-18.0000	21.0000
36291	337	419	21	18	0.0000	-9.5850	21.0000	-18.0000	21.0000
36335	361	419	21	18	0.0000	-9.5850	21.0000	-18.0000	21.0000
36339	385	419	21	18	0.0000	-9.5850	21.0000	-18.0000	21.0000
36710	409	419	21	18	0.0000	-9.5850	21.0000	-18.0000	21.0000
36724	433	419	21	18	0.0000	-9.5850	21.0000	-18.0000	21.0000
36733	1	441	21	18	0.0000	-9.5850	21.0000	-18.0000	21.0000
36776	25	441	21	18	0.0000	-9.5850	21.0000	-18.0000	21.0000
36820	49	441	21	18	0.0000	-9.5850	21.0000	-18.0000	21.0000
36825	73	441	21	18	0.0000	-9.5850	21.0000	-18.0000	21.0000
36827	97	441	21	18	0.0000	-9.5850	21.0000	-18.0000	21.0000
36864	121	441	21	18	0.0000	-9.5850	21.0000	-18.0000	21.0000
36873	145	441	21	18	0.0000	-9.5850	21.0000	-18.0000	21.0000
37096	169	441	21	18	0.0000	-9.5850	21.0000	-18.0000	21.0000
37197	193	441	21	18	0.0000	-9.5850	21.0000	-18.0000	21.0000
37239	217	441	21	18	0.0000	-9.5850	21.0000	-18.0000	21.0000
37325	241	441	21	18	0.0000	-9.5850	21.0000	-18.0000	21.0000
37327	265	441	21	18	0.0000	-9.5850	21.0000	-18.0000	21.0000
38075	289	441	21	18	0.0000	-9.5850	21.0000	-18.0000	21.0000
38182	313	441	21	18	0.0000	-9.5850	21.0000	-18.0000	21.0000
38190	337	441	21	18	0.0000	-9.5850	21.0000	-18.0000	21.0000
38191	361	441	21	18	0.0000	-9.5850	21.0000	-18.0000	21.0000
38388	385	441	21	18	0.0000	-9.5850	21.0000	-18.0000	21.0000
38400	409	441	21	18	0.0000	-9.5850	21.0000	-18.0000	21.0000
38480	433	441	21	18	0.0000	-9.5850	21.0000	-18.0000	21.0000
38500	1	463	21	18	0.0000	-9.5850	21.0000	-18.0000	21.0000
38505	25	463	21	18	0.0000	-9.5850	21.0000	-18.0000	21.0000
38646	49	463	21	18	0.0000	-9.5850	21.0000	-18.0000	21.0000
38656	73	463	21	18	0.0000	-9.5850	21.0000	-18.0000	21.0000
38899	97	463	21	18	0.0000	-9.5850	21.0000	-18.0000	21.0000
39029	121	463	21	18	0.0000	-9.5850	21.0000	-18.0000	21.0000
39033	145	463	21	18	0.0000	-9.5850	21.0000	-18.0000	21.0000
39046	169	463	21	18	0.0000	-9.5850	21.0000	-18.0000	21.0000
39057	193	463	21	18	0.0000	-9.5850	21.0000	-18.0000	21.0000
39118	217	463	21	18	0.0000	-9.5850	21.0000	-18.0000	21.0000
39532	241	463	21	18	0.0000	-9.5850	21.0000	-18.0000	21.0000
40644	265	463	21	18	0.0000	-9.5850	21.0000	-18.0000	21.0000
40657	289	463	21	18	0.0000	-9.5850	21.0000	-18.0000	21.0000
40664	313	463	21	18	0.0000	-9.5850	21.0000	-18.0000	21.0000
40736	337	463	21	18	0.0000	-9.5850	21.0000	-18.0000	21.0000
40831	361	463	21	18	0.0000	-9.5850	21.0000	-18.0000	21.0000
65281	385	463	21	18	0.0000	-9.5850	21.0000	-18.0000	21.0000
65288	409	463	21	18	0.0000	-9.5850	21.0000	-18.0000	21.0000
65289	433	463	21	18	0.0000	-9.5850	21.0000	-18.0000	21.0000
65292	1	485	21	18	0.0000	-9.5850	21.0000	-18.0000	21.0000
65306	25	485	21	18	0.0000	-9.5850	21.0000	-18.0000	21.0000
65307	49	485	21	18	0.0000	-9.5850	21.0000	-18.0000	21.0000
65311	73	485	21	18	0.0000	-9.5850	21.0000	-18.0000	21.0000
65374	97	485	21	18	0.0000	-9.5850	21.0000	-18.0000	21.0000
