# atlas	1024	1024	50
32	1	1	1	1	0	-27.2	0	0	23
33	30	1	4	19	0	-7.200001	4	-20	8
34	59	1	12	8	0	-7.200001	12	-9	16
35	88	1	20	20	0	-7.200001	20	-20	23
36	117	1	20	27	0	-3.200001	20	-28	23
37	146	1	20	19	0	-7.200001	20	-20	23
38	175	1	20	27	0	-3.200001	20	-28	23
39	204	1	4	8	0	-7.200001	4	-9	8
40	233	1	8	19	0	-7.200001	8	-20	12
41	262	1	8	19	0	-7.200001	8	-20	12
42	291	1	20	11	0	-7.200001	20	-13	23
43	320	1	20	19	0	-7.200001	20	-20	23
44	349	1	4	8	0	-23.2	4	-8	8
45	378	1	19	4	0	-15.2	20	-5	23
46	407	1	4	4	0	-23.2	4	-4	8
47	436	1	20	19	0	-7.200001	20	-20	23
48	465	1	20	19	0	-7.200001	20	-20	23
49	494	1	8	19	0	-7.200001	8	-20	12
50	523	1	20	19	0	-7.200001	20	-20	23
51	552	1	20	19	0	-7.200001	20	-20	23
52	581	1	20	20	0	-7.200001	20	-20	23
53	610	1	20	19	0	-7.200001	20	-20	23
54	639	1	20	19	0	-7.200001	20	-20	23
55	668	1	20	19	0	-7.200001	20	-20	23
56	697	1	20	19	0	-7.200001	20	-20	23
57	726	1	20	19	0	-7.200001	20	-20	23
58	755	1	4	19	0	-7.200001	4	-20	8
59	784	1	4	23	0	-7.200001	4	-24	8
60	813	1	12	19	0	-7.200001	12	-20	16
61	842	1	19	12	0	-11.2	20	-13	23
62	871	1	12	19	0	-7.200001	12	-20	16
63	900	1	20	19	0	-7.200001	20	-20	23
64	929	1	20	19	0	-7.200001	20	-20	23
65	958	1	20	19	0	-7.200001	20	-20	23
66	1	30	20	19	0	-7.200001	20	-20	23
67	30	30	20	19	0	-7.200001	20	-20	23
68	59	30	20	19	0	-7.200001	20	-20	23
69	88	30	20	19	0	-7.200001	20	-20	23
70	117	30	20	19	0	-7.200001	20	-20	23
71	146	30	20	19	0	-7.200001	20	-20	23
72	175	30	20	20	0	-7.200001	20	-20	23
73	204	30	20	19	0	-7.200001	20	-20	23
74	233	30	20	19	0	-7.200001	20	-20	23
75	262	30	20	20	0	-7.200001	20	-20	23
76	291	30	20	19	0	-7.200001	20	-20	23
77	320	30	20	20	0	-7.200001	20	-20	23
78	349	30	20	20	0	-7.200001	20	-20	23
79	378	30	20	19	0	-7.200001	20	-20	23
80	407	30	20	19	0	-7.200001	20	-20	23
81	436	30	20	23	0	-7.200001	20	-24	23
82	465	30	20	19	0	-7.200001	20	-20	23
83	494	30	20	19	0	-7.200001	20	-20	23
84	523	30	20	19	0	-7.200001	20	-20	23
85	552	30	20	20	0	-7.200001	20	-20	23
86	581	30	20	20	0	-7.200001	20	-20	23
87	610	30	20	20	0	-7.200001	20	-20	23
88	639	30	20	19	0	-7.200001	20	-20	23
89	668	30	20	20	0	-7.200001	20	-20	23
90	697	30	20	20	0	-7.200001	20	-20	23
91	726	30	8	19	0	-7.200001	8	-20	12
92	755	30	20	19	0	-7.200001	20	-20	23
93	784	30	8	19	0	-7.200001	8	-20	12
94	813	30	12	7	0	-7.200001	12	-9	16
95	842	30	19	4	0	-30.2	20	-5	23
96	871	30	4	8	0	-7.200001	4	-9	8
97	900	30	20	19	0	-7.200001	20	-20	23
98	929	30	20	20	0	-7.200001	20	-20	23
99	958	30	20	19	0	-7.200001	20	-20	23
100	1	59	20	19	0	-7.200001	20	-20	23
101	30	59	20	19	0	-7.200001	20	-20	23
102	59	59	20	19	0	-7.200001	20	-20	23
103	88	59	20	19	0	-7.200001	20	-20	23
104	117	59	20	20	0	-7.200001	20	-20	23
105	146	59	4	19	0	-7.200001	4	-20	8
106	175	59	19	19	0	-7.200001	20	-20	23
107	204	59	20	20	0	-7.200001	20	-20	23
108	233	59	20	19	0	-7.200001	20	-20	23
109	262	59	19	19	0	-7.200001	20	-20	23
110	291	59	20	19	0	-7.200001	20	-20	23
111	320	59	20	19	0	-7.200001	20	-20	23
112	349	59	20	19	0	-7.200001	20	-20	23
113	378	59	20	23	0	-7.200001	20	-24	23
114	407	59	20	19	0	-7.200001	20	-20	23
115	436	59	20	19	0	-7.200001	20	-20	23
116	465	59	20	19	0	-7.200001	20	-20	23
117	494	59	20	20	0	-7.200001	20	-20	23
118	523	59	20	20	0	-7.200001	20	-20	23
119	552	59	20	20	0	-7.200001	20	-20	23
120	581	59	20	19	0	-7.200001	20	-20	23
121	610	59	20	20	0	-7.200001	20	-20	23
122	639	59	20	20	0	-7.200001	20	-20	23
123	668	59	12	19	0	-7.200001	12	-20	16
124	697	59	4	27	0	-3.200001	4	-28	8
125	726	59	12	19	0	-7.200001	12	-20	16
126	755	59	20	12	0	-11.2	20	-13	23
20320	784	59	27	24	0	-5.2	27	-24	30
21040	813	59	27	24	0	-5.2	27	-24	30
20102	842	59	27	24	0	-5.2	27	-24	30
25105	871	59	27	24	0	-5.2	27	-24	30
30340	900	59	27	24	0	-5.2	27	-24	30
34255	929	59	27	24	0	-5.2	27	-24	30
36523	958	59	27	24	0	-5.2	27	-24	30
22788	1	88	27	24	0	-5.2	27	-24	30
21834	30	88	27	24	0	-5.2	27	-24	30
24819	59	88	27	24	0	-5.2	27	-24	30
35201	88	88	27	24	0	-5.2	27	-24	30
19968	117	88	27	6	0	-14.2	27	-6	30
20010	146	88	27	24	0	-5.2	27	-24	30
38075	175	88	27	24	0	-5.2	27	-24	30
22836	204	88	27	24	0	-5.2	27	-24	30
38646	233	88	27	24	0	-5.2	27	-24	30
20214	262	88	27	24	0	-5.2	27	-24	30
23545	291	88	27	24	0	-5.2	27	-24	30
21543	320	88	27	24	0	-5.2	27	-24	30
22909	349	88	27	24	0	-5.2	27	-24	30
36319	378	88	27	24	0	-5.2	27	-24	30
20570	407	88	27	24	0	-5.2	27	-24	30
20132	436	88	27	24	0	-5.2	27	-24	30
26131	465	88	27	24	0	-5.2	27	-24	30
26159	494	88	27	24	0	-5.2	27	-24	30
33021	523	88	27	24	0	-5.2	27	-24	30
22312	552	88	27	24	0	-5.2	27	-24	30
25226	581	88	27	24	0	-5.2	27	-24	30
33080	610	88	27	24	0	-5.2	27	-24	30
28866	639	88	27	24	0	-5.2	27	-24	30
21069	668	88	27	24	0	-5.2	27	-24	30
25171	697	88	27	24	0	-5.2	27	-24	30
36133	726	88	27	24	0	-5.2	27	-24	30
23601	755	88	27	24	0	-5.2	27	-24	30
32473	784	88	27	24	0	-5.2	27	-24	30
25214	813	88	27	24	0	-5.2	27	-24	30
20160	842	88	27	24	0	-5.2	27	-24	30
20040	871	88	27	24	0	-5.2	27	-24	30
21482	900	88	27	24	0	-5.2	27	-24	30
22833	929	88	27	24	0	-5.2	27	-24	30
39746	958	88	27	24	0	-5.2	27	-24	30
8201	1	117	1	1	0	-27.2	0	0	12
38754	30	117	27	24	0	-5.2	27	-24	30
36825	59	117	27	24	0	-5.2	27	-24	30
27491	88	117	27	24	0	-5.2	27	-24	30
23637	117	117	27	24	0	-5.2	27	-24	30
31034	146	117	27	24	0	-5.2	27	-24	30
25112	175	117	27	24	0	-5.2	27	-24	30
26007	204	117	27	24	0	-5.2	27	-24	30
26412	233	117	27	24	0	-5.2	27	-24	30
39046	262	117	27	24	0	-5.2	27	-24	30
26426	291	117	27	24	0	-5.2	27	-24	30
20250	320	117	27	24	0	-5.2	27	-24	30
23427	349	117	27	24	0	-5.2	27	-24	30
21435	378	117	27	24	0	-5.2	27	-24	30
28789	407	117	27	24	0	-5.2	27	-24	30
27627	436	117	27	24	0	-5.2	27	-24	30
19981	465	117	27	24	0	-5.2	27	-24	30
30041	494	117	27	24	0	-5.2	27	-24	30
24773	523	117	27	24	0	-5.2	27	-24	30
22320	552	117	27	24	0	-5.2	27	-24	30
25915	581	117	27	24	0	-5.2	27	-24	30
20987	610	117	27	24	0	-5.2	27	-24	30
21463	639	117	27	24	0	-5.2	27	-24	30
20260	668	117	27	24	0	-5.2	27	-24	30
36234	697	117	27	24	0	-5.2	27	-24	30
37325	726	117	27	24	0	-5.2	27	-24	30
34987	755	117	27	24	0	-5.2	27	-24	30
36864	784	117	27	24	0	-5.2	27	-24	30
24471	813	117	27	24	0	-5.2	27	-24	30
36828	842	117	27	24	0	-5.2	27	-24	30
26368	871	117	27	24	0	-5.2	27	-24	30
21518	900	117	27	24	0	-5.2	27	-24	30
30862	929	117	27	24	0	-5.2	27	-24	30
25104	958	117	27	24	0	-5.2	27	-24	30
35797	1	146	27	24	0	-5.2	27	-24	30
30528	30	146	27	24	0	-5.2	27	-24	30
32452	59	146	27	24	0	-5.2	27	-24	30
21512	88	146	27	24	0	-5.2	27	-24	30
25331	117	146	27	24	0	-5.2	27	-24	30
25307	146	146	27	24	0	-5.2	27	-24	30
25343	175	146	27	24	0	-5.2	27	-24	30
25932	204	146	27	24	0	-5.2	27	-24	30
20154	233	146	27	24	0	-5.2	27	-24	30
25481	262	146	27	24	0	-5.2	27	-24	30
33853	291	146	27	24	0	-5.2	27	-24	30
25110	320	146	27	24	0	-5.2	27	-24	30
25910	349	146	27	24	0	-5.2	27	-24	30
38598	378	146	27	24	0	-5.2	27	-24	30
21487	407	146	27	24	0	-5.2	27	-24	30
24674	436	146	27	24	0	-5.2	27	-24	30
22797	465	146	27	24	0	-5.2	27	-24	30
26465	494	146	27	24	0	-5.2	27	-24	30
21629	523	146	27	24	0	-5.2	27	-24	30
33719	552	146	27	24	0	-5.2	27	-24	30
26032	581	146	27	24	0	-5.2	27	-24	30
21147	610	146	27	24	0	-5.2	27	-24	30
25353	639	146	27	24	0	-5.2	27	-24	30
22238	668	146	27	24	0	-5.2	27	-24	30
36710	697	146	27	24	0	-5.2	27	-24	30
24320	726	146	27	24	0	-5.2	27	-24	30
32972	755	146	27	24	0	-5.2	27	-24	30
21253	784	146	27	24	0	-5.2	27	-24	30
30830	813	146	27	24	0	-5.2	27	-24	30
35748	842	146	27	24	0	-5.2	27	-24	30
21542	871	146	27	24	0	-5.2	27	-24	30
20854	900	146	27	24	0	-5.2	27	-24	30
20013	929	146	27	24	0	-5.2	27	-24	30
20877	958	146	27	24	0	-5.2	27	-24	30
35013	1	175	27	24	0	-5.2	27	-24	30
36527	30	175	27	24	0	-5.2	27	-24	30
24178	59	175	27	24	0	-5.2	27	-24	30
19978	88	175	27	24	0	-5.2	27	-24	30
20934	117	175	27	24	0	-5.2	27	-24	30
22791	146	175	27	24	0	-5.2	27	-24	30
21457	175	175	27	24	0	-5.2	27	-24	30
23556	204	175	27	24	0	-5.2	27	-24	30
21644	233	175	27	24	0	-5.2	27	-24	30
21363	262	175	27	24	0	-5.2	27	-24	30
20351	291	175	27	24	0	-5.2	27	-24	30
29992	320	175	27	24	0	-5.2	27	-24	30
36339	349	175	27	24	0	-5.2	27	-24	30
24555	378	175	27	24	0	-5.2	27	-24	30
31354	407	175	27	24	0	-5.2	27	-24	30
38750	436	175	27	24	0	-5.2	27	-24	30
24120	465	175	27	24	0	-5.2	27	-24	30
24378	494	175	27	24	0	-5.2	27	-24	30
35760	523	175	27	24	0	-5.2	27	-24	30
20303	552	175	27	24	0	-5.2	27	-24	30
28857	581	175	27	24	0	-5.2	27	-24	30
36215	610	175	27	24	0	-5.2	27	-24	30
26041	639	175	27	24	0	-5.2	27	-24	30
21521	668	175	27	24	0	-5.2	27	-24	30
20914	697	175	27	24	0	-5.2	27	-24	30
21050	726	175	27	24	0	-5.2	27	-24	30
21017	755	175	27	24	0	-5.2	27	-24	30
21452	784	175	27	24	0	-5.2	27	-24	30
24038	813	175	27	24	0	-5.2	27	-24	30
21491	842	175	27	24	0	-5.2	27	-24	30
20195	871	175	27	24	0	-5.2	27	-24	30
34920	900	175	27	24	0	-5.2	27	-24	30
24093	929	175	27	24	0	-5.2	27	-24	30
22269	958	175	27	24	0	-5.2	27	-24	30
23558	1	204	27	24	0	-5.2	27	-24	30
20891	30	204	27	24	0	-5.2	27	-24	30
25152	59	204	27	24	0	-5.2	27	-24	30
20316	88	204	27	24	0	-5.2	27	-24	30
20026	117	204	27	24	0	-5.2	27	-24	30
36947	146	204	27	24	0	-5.2	27	-24	30
27465	175	204	27	24	0	-5.2	27	-24	30
20182	204	204	27	24	0	-5.2	27	-24	30
24050	233	204	24	24	0	-5.2	24	-24	27
38761	262	204	27	24	0	-5.2	27	-24	30
32844	291	204	27	24	0	-5.2	27	-24	30
24182	320	204	27	24	0	-5.2	27	-24	30
27969	349	204	27	24	0	-5.2	27	-24	30
25918	378	204	27	24	0	-5.2	27	-24	30
21516	407	204	27	24	0	-5.2	27	-24	30
37051	436	204	27	24	0	-5.2	27	-24	30
36817	465	204	27	24	0	-5.2	27	-24	30
26449	494	204	27	24	0	-5.2	27	-24	30
20445	523	204	27	24	0	-5.2	27	-24	30
25345	552	204	27	24	0	-5.2	27	-24	30
21451	581	204	27	24	0	-5.2	27	-24	30
20851	610	204	27	24	0	-5.2	27	-24	30
31995	639	204	27	24	0	-5.2	27	-24	30
31526	668	204	27	24	0	-5.2	27	-24	30
20204	697	204	27	24	0	-5.2	27	-24	30
21033	726	204	27	24	0	-5.2	27	-24	30
30410	755	204	27	24	0	-5.2	27	-24	30
22079	784	204	27	24	0	-5.2	27	-24	30
26469	813	204	27	24	0	-5.2	27	-24	30
27426	842	204	27	24	0	-5.2	27	-24	30
36814	871	204	27	24	0	-5.2	27	-24	30
23376	900	204	27	24	0	-5.2	27	-24	30
30475	929	204	27	24	0	-5.2	27	-24	30
36807	958	204	27	24	0	-5.2	27	-24	30
25151	1	233	27	24	0	-5.2	27	-24	30
21527	30	233	27	24	0	-5.2	27	-24	30
36229	59	233	27	24	0	-5.2	27	-24	30
26377	88	233	27	24	0	-5.2	27	-24	30
20063	117	233	27	24	0	-5.2	27	-24	30
37027	146	233	27	24	0	-5.2	27	-24	30
20123	175	233	27	24	0	-5.2	27	-24	30
26080	204	233	27	24	0	-5.2	27	-24	30
32842	233	233	27	24	0	-5.2	27	-24	30
26434	262	233	27	24	0	-5.2	27	-24	30
27963	291	233	27	24	0	-5.2	27	-24	30
29983	320	233	27	24	0	-5.2	27	-24	30
20799	349	233	27	24	0	-5.2	27	-24	30
38656	378	233	27	24	0	-5.2	27	-24	30
25509	407	233	27	24	0	-5.2	27	-24	30
22522	436	233	27	24	0	-5.2	27	-24	30
30784	465	233	27	24	0	-5.2	27	-24	30
35757	494	233	27	24	0	-5.2	27	-24	30
32451	523	233	27	24	0	-5.2	27	-24	30
25165	552	233	27	24	0	-5.2	27	-24	30
22235	581	233	27	24	0	-5.2	27	-24	30
34892	610	233	27	24	0	-5.2	27	-24	30
21160	639	233	27	24	0	-5.2	27	-24	30
27839	668	233	27	24	0	-5.2	27	-24	30
36335	697	233	27	24	0	-5.2	27	-24	30
32487	726	233	27	24	0	-5.2	27	-24	30
32493	755	233	27	24	0	-5.2	27	-24	30
36208	784	233	27	24	0	-5.2	27	-24	30
25351	813	233	27	24	0	-5.2	27	-24	30
21152	842	233	27	24	0	-5.2	27	-24	30
27833	871	233	27	24	0	-5.2	27	-24	30
27934	900	233	27	24	0	-5.2	27	-24	30
31348	929	233	27	24	0	-5.2	27	-24	30
24590	958	233	27	24	0	-5.2	27	-24	30
22823	1	262	27	24	0	-5.2	27	-24	30
39118	30	262	27	24	0	-5.2	27	-24	30
31532	59	262	27	24	0	-5.2	27	-24	30
25644	88	262	27	24	0	-5.2	27	-24	30
22303	117	262	27	24	0	-5.2	27	-24	30
26102	146	262	27	24	0	-5.2	27	-24	30
23567	175	262	27	24	0	-5.2	27	-24	30
24515	204	262	27	24	0	-5.2	27	-24	30
22581	233	262	27	24	0	-5.2	27	-24	30
30693	262	262	27	24	0	-5.2	27	-24	30
20294	291	262	27	24	0	-5.2	27	-24	30
30005	320	262	27	24	0	-5.2	27	-24	30
27668	349	262	27	24	0	-5.2	27	-24	30
24110	378	262	27	24	0	-5.2	27	-24	30
24537	407	262	27	24	0	-5.2	27	-24	30
26367	436	262	27	24	0	-5.2	27	-24	30
38382	465	262	27	24	0	-5.2	27	-24	30
26085	494	262	21	24	0	-5.2	21	-24	24
23433	523	262	27	24	0	-5.2	27	-24	30
20808	552	262	27	24	0	-5.2	27	-24	30
24180	581	262	27	24	0	-5.2	27	-24	30
36731	610	262	27	24	0	-5.2	27	-24	30
19987	639	262	27	24	0	-5.2	27	-24	30
23646	668	262	27	24	0	-5.2	27	-24	30
20110	697	262	27	24	0	-5.2	27	-24	30
32622	726	262	27	24	0	-5.2	27	-24	30
38453	755	262	27	24	0	-5.2	27	-24	30
31245	784	262	27	24	0	-5.2	27	-24	30
24494	813	262	27	24	0	-5.2	27	-24	30
25342	842	262	27	24	0	-5.2	27	-24	30
22914	871	262	27	24	0	-5.2	27	-24	30
26524	900	262	27	24	0	-5.2	27	-24	30
32463	929	262	27	24	0	-5.2	27	-24	30
36891	958	262	27	24	0	-5.2	27	-24	30
22815	1	291	27	24	0	-5.2	27	-24	30
36992	30	291	27	24	0	-5.2	27	-24	30
35831	59	291	27	24	0	-5.2	27	-24	30
24448	88	291	27	24	0	-5.2	27	-24	30
21462	117	291	27	24	0	-5.2	27	-24	30
36192	146	291	27	24	0	-5.2	27	-24	30
31036	175	291	27	24	0	-5.2	27	-24	30
29289	204	291	27	24	0	-5.2	27	-24	30
24212	233	291	27	24	0	-5.2	27	-24	30
35813	262	291	27	24	0	-5.2	27	-24	30
24863	291	291	27	24	0	-5.2	27	-24	30
33635	320	291	27	24	0	-5.2	27	-24	30
24184	349	291	27	24	0	-5.2	27	-24	30
20837	378	291	27	24	0	-5.2	27	-24	30
21475	407	291	24	21	0	-6.7	24	-21	27
19996	436	291	27	24	0	-5.2	27	-24	30
20391	465	291	27	24	0	-5.2	27	-24	30
23613	494	291	27	24	0	-5.2	27	-24	30
37324	523	291	27	24	0	-5.2	27	-24	30
23478	552	291	27	24	0	-5.2	27	-24	30
26356	581	291	27	24	0	-5.2	27	-24	30
20043	610	291	27	24	0	-5.2	27	-24	30
26680	639	291	27	24	0	-5.2	27	-24	30
22806	668	291	27	24	0	-5.2	27	-24	30
20415	697	291	27	24	0	-5.2	27	-24	30
27492	726	291	27	24	0	-5.2	27	-24	30
20173	755	291	27	24	0	-5.2	27	-24	30
20197	784	291	27	24	0	-5.2	27	-24	30
21892	813	291	27	24	0	-5.2	27	-24	30
24847	842	291	27	24	0	-5.2	27	-24	30
39033	871	291	27	24	0	-5.2	27	-24	30
20219	900	291	27	24	0	-5.2	27	-24	30
21153	929	291	27	24	0	-5.2	27	-24	30
37117	958	291	27	24	0	-5.2	27	-24	30
22478	1	320	27	24	0	-5.2	27	-24	30
19982	30	320	27	24	0	-5.2	27	-24	30
25506	59	320	27	24	0	-5.2	27	-24	30
32034	88	320	27	24	0	-5.2	27	-24	30
30058	117	320	27	24	0	-5.2	27	-24	30
20174	146	320	27	24	0	-5.2	27	-24	30
35848	175	320	27	24	0	-5.2	27	-24	30
25159	204	320	27	24	0	-5.2	27	-24	30
38376	233	320	27	24	0	-5.2	27	-24	30
36827	262	320	27	24	0	-5.2	27	-24	30
36716	291	320	27	24	0	-5.2	27	-24	30
31227	320	320	27	24	0	-5.2	27	-24	30
36890	349	320	27	24	0	-5.2	27	-24	30
21035	378	320	27	24	0	-5.2	27	-24	30
24536	407	320	27	24	0	-5.2	27	-24	30
26597	436	320	27	24	0	-5.2	27	-24	30
38543	465	320	27	24	0	-5.2	27	-24	30
24102	494	320	27	24	0	-5.2	27	-24	30
21738	523	320	27	24	0	-5.2	27	-24	30
36855	552	320	27	24	0	-5.2	27	-24	30
30452	581	320	27	24	0	-5.2	27	-24	30
25402	610	320	27	24	0	-5.2	27	-24	30
26397	639	320	27	24	0	-5.2	27	-24	30
31649	668	320	27	24	0	-5.2	27	-24	30
22330	697	320	27	24	0	-5.2	27	-24	30
20107	726	320	27	24	0	-5.2	27	-24	30
19994	755	320	27	24	0	-5.2	27	-24	30
32780	784	320	27	24	0	-5.2	27	-24	30
26550	813	320	27	24	0	-5.2	27	-24	30
20986	842	320	27	24	0	-5.2	27	-24	30
39034	871	320	27	24	0	-5.2	27	-24	30
25552	900	320	27	24	0	-5.2	27	-24	30
31665	929	320	27	24	0	-5.2	27	-24	30
26679	958	320	27	24	0	-5.2	27	-24	30
39547	1	349	27	24	0	-5.2	27	-24	30
23432	30	349	27	24	0	-5.2	27	-24	30
22826	59	349	27	24	0	-5.2	27	-24	30
21578	88	349	27	24	0	-5.2	27	-24	30
35785	117	349	27	24	0	-5.2	27	-24	30
38271	146	349	27	24	0	-5.2	27	-24	30
32769	175	349	27	24	0	-5.2	27	-24	30
35828	204	349	27	24	0	-5.2	27	-24	30
40635	233	349	27	24	0	-5.2	27	-24	30
28902	262	349	27	24	0	-5.2	27	-24	30
22810	291	349	27	24	0	-5.2	27	-24	30
35265	320	349	27	24	0	-5.2	27	-24	30
27714	349	349	27	24	0	-5.2	27	-24	30
25588	378	349	27	24	0	-5.2	27	-24	30
21161	407	349	27	24	0	-5.2	27	-24	30
27425	436	349	27	24	0	-5.2	27	-24	30
20170	465	349	27	24	0	-5.2	27	-24	30
22825	494	349	27	24	0	-5.2	27	-24	30
36148	523	349	27	24	0	-5.2	27	-24	30
22763	552	349	27	24	0	-5.2	27	-24	30
21548	581	349	27	24	0	-5.2	27	-24	30
20687	610	349	27	24	0	-5.2	27	-24	30
25163	639	349	27	24	0	-5.2	27	-24	30
35874	668	349	27	24	0	-5.2	27	-24	30
28165	697	349	27	24	0	-5.2	27	-24	30
29926	726	349	27	24	0	-5.2	27	-24	30
30782	755	349	27	24	0	-5.2	27	-24	30
26089	784	349	27	24	0	-5.2	27	-24	30
29702	813	349	27	24	0	-5.2	27	-24	30
35843	842	349	27	24	0	-5.2	27	-24	30
33394	871	349	27	24	0	-5.2	27	-24	30
23460	900	349	27	24	0	-5.2	27	-24	30
25913	929	349	27	24	0	-5.2	27	-24	30
21464	958	349	27	24	0	-5.2	27	-24	30
39068	1	378	27	24	0	-5.2	27	-24	30
33014	30	378	27	24	0	-5.2	27	-24	30
22218	59	378	27	24	0	-5.2	27	-24	30
21916	88	378	27	24	0	-5.2	27	-24	30
31243	117	378	27	24	0	-5.2	27	-24	30
24207	146	378	27	24	0	-5.2	27	-24	30
25645	175	378	27	24	0	-5.2	27	-24	30
36973	204	378	27	24	0	-5.2	27	-24	30
20405	233	378	27	24	0	-5.2	27	-24	30
38383	262	378	27	24	0	-5.2	27	-24	30
22987	291	378	27	24	0	-5.2	27	-24	30
30772	320	378	27	24	0	-5.2	27	-24	30
22351	349	378	27	24	0	-5.2	27	-24	30
30524	378	378	27	24	0	-5.2	27	-24	30
20999	407	378	27	24	0	-5.2	27	-24	30
30495	436	378	27	24	0	-5.2	27	-24	30
30127	465	378	27	24	0	-5.2	27	-24	30
29378	494	378	27	24	0	-5.2	27	-24	30
35841	523	378	27	24	0	-5.2	27	-24	30
29645	552	378	27	24	0	-5.2	27	-24	30
36149	581	378	27	24	0	-5.2	27	-24	30
38544	610	378	27	24	0	-5.2	27	-24	30
37327	639	378	27	24	0	-5.2	27	-24	30
21018	668	378	27	24	0	-5.2	27	-24	30
21476	697	378	27	24	0	-5.2	27	-24	30
31185	726	378	27	24	0	-5.2	27	-24	30
25216	755	378	27	24	0	-5.2	27	-24	30
36951	784	378	27	24	0	-5.2	27	-24	30
36857	813	378	27	24	0	-5.2	27	-24	30
27844	842	378	27	24	0	-5.2	27	-24	30
28431	871	378	27	24	0	-5.2	27	-24	30
21508	900	378	27	24	0	-5.2	27	-24	30
24335	929	378	27	24	0	-5.2	27	-24	30
26029	958	378	27	24	0	-5.2	27	-24	30
28044	1	407	27	24	0	-5.2	27	-24	30
35774	30	407	27	24	0	-5.2	27	-24	30
27861	59	407	27	24	0	-5.2	27	-24	30
23553	88	407	27	24	0	-5.2	27	-24	30
38145	117	407	27	24	0	-5.2	27	-24	30
21355	146	407	27	24	0	-5.2	27	-24	30
25265	175	407	27	24	0	-5.2	27	-24	30
35753	204	407	27	24	0	-5.2	27	-24	30
19979	233	407	27	24	0	-5.2	27	-24	30
36386	262	407	27	24	0	-5.2	27	-24	30
32456	291	407	27	24	0	-5.2	27	-24	30
32467	320	407	27	24	0	-5.2	27	-24	30
27809	349	407	27	24	0	-5.2	27	-24	30
31181	378	407	27	24	0	-5.2	27	-24	30
27966	407	407	27	24	0	-5.2	27	-24	30
20301	436	407	27	24	0	-5.2	27	-24	30
32773	465	407	27	24	0	-5.2	27	-24	30
23450	494	407	27	24	0	-5.2	27	-24	30
33258	523	407	21	24	0	-5.2	21	-24	24
24049	552	407	24	24	0	-5.2	24	-24	27
36824	581	407	27	24	0	-5.2	27	-24	30
30456	610	407	27	24	0	-5.2	27	-24	30
20449	639	407	27	24	0	-5.2	27	-24	30
20249	668	407	27	24	0	-5.2	27	-24	30
20276	697	407	27	24	0	-5.2	27	-24	30
20960	726	407	27	24	0	-5.2	27	-24	30
20046	755	407	27	24	0	-5.2	27	-24	30
35273	784	407	27	24	0	-5.2	27	-24	30
20111	813	407	27	24	0	-5.2	27	-24	30
29616	842	407	27	24	0	-5.2	27	-24	30
20840	871	407	27	24	0	-5.2	27	-24	30
20928	900	407	27	24	0	-5.2	27	-24	30
20081	929	407	27	24	0	-5.2	27	-24	30
19971	958	407	27	24	0	-5.2	27	-24	30
20843	1	436	27	24	0	-5.2	27	-24	30
31967	30	436	27	24	0	-5.2	27	-24	30
35199	59	436	27	24	0	-5.2	27	-24	30
38388	88	436	27	24	0	-5.2	27	-24	30
24402	117	436	27	24	0	-5.2	27	-24	30
33298	146	436	27	24	0	-5.2	27	-24	30
26381	175	436	27	24	0	-5.2	27	-24	30
21467	204	436	27	24	0	-5.2	27	-24	30
21448	233	436	27	24	0	-5.2	27	-24	30
39064	262	436	27	24	0	-5.2	27	-24	30
36879	291	436	27	24	0	-5.2	27	-24	30
29305	320	436	27	24	0	-5.2	27	-24	30
31359	349	436	27	24	0	-5.2	27	-24	30
33618	378	436	27	24	0	-5.2	27	-24	30
21407	407	436	27	24	0	-5.2	27	-24	30
25327	436	436	27	24	0	-5.2	27	-24	30
25937	465	436	27	24	0	-5.2	27	-24	30
21150	494	436	27	24	0	-5.2	27	-24	30
25179	523	436	27	24	0	-5.2	27	-24	30
26082	552	436	27	24	0	-5.2	27	-24	30
26410	581	436	27	24	0	-5.2	27	-24	30
28608	610	436	27	24	0	-5.2	27	-24	30
21024	639	436	27	24	0	-5.2	27	-24	30
38500	668	436	27	24	0	-5.2	27	-24	30
20982	697	436	27	24	0	-5.2	27	-24	30
24694	726	436	27	24	0	-5.2	27	-24	30
24453	755	436	27	24	0	-5.2	27	-24	30
35758	784	436	27	24	0	-5.2	27	-24	30
27605	813	436	27	24	0	-5.2	27	-24	30
31455	842	436	27	24	0	-5.2	27	-24	30
27531	871	436	27	24	0	-5.2	27	-24	30
26292	900	436	27	24	0	-5.2	27	-24	30
24895	929	436	27	24	0	-5.2	27	-24	30
25252	958	436	27	24	0	-5.2	27	-24	30
24196	1	465	27	24	0	-5.2	27	-24	30
28982	30	465	27	24	0	-5.2	27	-24	30
36758	59	465	27	24	0	-5.2	27	-24	30
22240	88	465	27	24	0	-5.2	27	-24	30
25442	117	465	27	24	0	-5.2	27	-24	30
38684	146	465	27	24	0	-5.2	27	-24	30
34432	175	465	27	24	0	-5.2	27	-24	30
28145	204	465	27	24	0	-5.2	27	-24	30
28170	233	465	27	24	0	-5.2	27	-24	30
25239	262	465	27	24	0	-5.2	27	-24	30
21517	291	465	27	24	0	-5.2	27	-24	30
27599	320	465	27	24	0	-5.2	27	-24	30
21345	349	465	27	24	0	-5.2	27	-24	30
21361	378	465	27	24	0	-5.2	27	-24	30
38505	407	465	27	24	0	-5.2	27	-24	30
32943	436	465	27	24	0	-5.2	27	-24	30
20256	465	465	27	24	0	-5.2	27	-24	30
38395	494	465	27	24	0	-5.2	27	-24	30
24231	523	465	27	24	0	-5.2	27	-24	30
39134	552	465	27	24	0	-5.2	27	-24	30
36965	581	465	27	24	0	-5.2	27	-24	30
29420	610	465	27	24	0	-5.2	27	-24	30
31435	639	465	27	24	0	-5.2	27	-24	30
20027	668	465	27	24	0	-5.2	27	-24	30
28872	697	465	27	24	0	-5.2	27	-24	30
20105	726	465	27	24	0	-5.2	27	-24	30
22855	755	465	27	24	0	-5.2	27	-24	30
24618	784	465	27	24	0	-5.2	27	-24	30
36935	813	465	27	24	0	-5.2	27	-24	30
23547	842	465	27	24	0	-5.2	27	-24	30
27494	871	465	27	24	0	-5.2	27	-24	30
22120	900	465	27	24	0	-5.2	27	-24	30
34989	929	465	27	24	0	-5.2	27	-24	30
25805	958	465	27	24	0	-5.2	27	-24	30
32437	1	494	27	24	0	-5.2	27	-24	30
25968	30	494	27	24	0	-5.2	27	-24	30
24456	59	494	27	24	0	-5.2	27	-24	30
39640	88	494	27	24	0	-5.2	27	-24	30
20852	117	494	27	24	0	-5.2	27	-24	30
26395	146	494	27	24	0	-5.2	27	-24	30
23454	175	494	27	24	0	-5.2	27	-24	30
36136	204	494	27	24	0	-5.2	27	-24	30
20511	233	494	27	24	0	-5.2	27	-24	30
24076	262	494	27	24	0	-5.2	27	-24	30
36305	291	494	27	24	0	-5.2	27	-24	30
25196	320	494	27	24	0	-5.2	27	-24	30
23576	349	494	27	24	0	-5.2	27	-24	30
32423	378	494	27	24	0	-5.2	27	-24	30
33218	407	494	27	24	0	-5.2	27	-24	30
32988	436	494	27	24	0	-5.2	27	-24	30
21271	465	494	27	24	0	-5.2	27	-24	30
38169	494	494	27	24	0	-5.2	27	-24	30
27979	523	494	27	24	0	-5.2	27	-24	30
37266	552	494	27	24	0	-5.2	27	-24	30
21019	581	494	27	24	0	-5.2	27	-24	30
36896	610	494	27	24	0	-5.2	27	-24	30
23383	639	494	27	24	0	-5.2	27	-24	30
20307	668	494	27	24	0	-5.2	27	-24	30
27169	697	494	27	24	0	-5.2	27	-24	30
25311	726	494	27	24	0	-5.2	27	-24	30
21484	755	494	27	24	0	-5.2	27	-24	30
21796	784	494	27	24	0	-5.2	27	-24	30
19990	813	494	27	24	0	-5.2	27	-24	30
21327	842	494	27	24	0	-5.2	27	-24	30
20004	871	494	27	24	0	-5.2	27	-24	30
32929	900	494	27	24	0	-5.2	27	-24	30
21183	929	494	27	24	0	-5.2	27	-24	30
22842	958	494	27	24	0	-5.2	27	-24	30
20381	1	523	27	24	0	-5.2	27	-24	30
38752	30	523	27	24	0	-5.2	27	-24	30
23384	59	523	27	24	0	-5.2	27	-24	30
23398	88	523	27	24	0	-5.2	27	-24	30
20064	117	523	27	24	0	-5.2	27	-24	30
20505	146	523	27	24	0	-5.2	27	-24	30
21890	175	523	27	24	0	-5.2	27	-24	30
32418	204	523	27	24	0	-5.2	27	-24	30
30149	233	523	27	24	0	-5.2	27	-24	30
27602	262	523	27	24	0	-5.2	27	-24	30
20113	291	523	27	24	0	-5.2	27	-24	30
26579	320	523	27	24	0	-5.2	27	-24	30
32511	349	523	27	24	0	-5.2	27	-24	30
27585	378	523	27	24	0	-5.2	27	-24	30
36214	407	523	27	24	0	-5.2	27	-24	30
35752	436	523	27	24	0	-5.2	27	-24	30
21388	465	523	27	24	0	-5.2	27	-24	30
24046	494	523	27	24	0	-5.2	27	-24	30
25764	523	523	27	24	0	-5.2	27	-24	30
31163	552	523	27	24	0	-5.2	27	-24	30
34850	581	523	27	24	0	-5.2	27	-24	30
20813	610	523	27	24	0	-5.2	27	-24	30
23475	639	523	27	24	0	-5.2	27	-24	30
24597	668	523	27	24	0	-5.2	27	-24	30
19988	697	523	24	24	0	-5.2	24	-24	27
30123	726	523	27	24	0	-5.2	27	-24	30
25200	755	523	27	24	0	-5.2	27	-24	30
30447	784	523	27	24	0	-5.2	27	-24	30
36873	813	523	27	24	0	-5.2	27	-24	30
25321	842	523	27	24	0	-5.2	27	-24	30
35768	871	523	27	24	0	-5.2	27	-24	30
36127	900	523	27	24	0	-5.2	27	-24	30
27573	929	523	27	24	0	-5.2	27	-24	30
25928	958	523	27	24	0	-5.2	27	-24	30
24403	1	552	24	24	0	-5.2	24	-24	27
24266	30	552	27	24	0	-5.2	27	-24	30
33509	59	552	27	24	0	-5.2	27	-24	30
30446	88	552	21	24	0	-5.2	21	-24	24
26631	117	552	27	24	0	-5.2	27	-24	30
36798	146	552	27	24	0	-5.2	27	-24	30
21478	175	552	27	24	0	-5.2	27	-24	30
28151	204	552	27	24	0	-5.2	27	-24	30
34507	233	552	27	24	0	-5.2	27	-24	30
38519	262	552	27	24	0	-5.2	27	-24	30
38449	291	552	27	24	0	-5.2	27	-24	30
23616	320	552	27	24	0	-5.2	27	-24	30
20599	349	552	27	24	0	-5.2	27	-24	30
26202	378	552	27	24	0	-5.2	27	-24	30
38459	407	552	27	24	0	-5.2	27	-24	30
27490	436	552	27	24	0	-5.2	27	-24	30
35853	465	552	27	24	0	-5.2	27	-24	30
38706	494	552	27	24	0	-5.2	27	-24	30
20221	523	552	27	24	0	-5.2	27	-24	30
20849	552	552	27	24	0	-5.2	27	-24	30
23458	581	552	27	24	0	-5.2	27	-24	30
20184	610	552	27	24	0	-5.2	27	-24	30
32937	639	552	27	24	0	-5.2	27	-24	30
22307	668	552	27	24	0	-5.2	27	-24	30
27604	697	552	27	24	0	-5.2	27	-24	30
31957	726	552	27	24	0	-5.2	27	-24	30
21193	755	552	27	24	0	-5.2	27	-24	30
34429	784	552	27	24	0	-5.2	27	-24	30
24576	813	552	27	24	0	-5.2	27	-24	30
30097	842	552	27	24	0	-5.2	27	-24	30
25972	871	552	27	24	0	-5.2	27	-24	30
25903	900	552	27	24	0	-5.2	27	-24	30
38431	929	552	27	24	0	-5.2	27	-24	30
20853	958	552	27	24	0	-5.2	27	-24	30
36867	1	581	27	24	0	-5.2	27	-24	30
20108	30	581	27	19	0	-7.7	27	-19	30
21046	59	581	27	24	0	-5.2	27	-24	30
22622	88	581	27	24	0	-5.2	27	-24	30
36793	117	581	27	24	0	-5.2	27	-24	30
35745	146	581	27	24	0	-5.2	27	-24	30
21010	175	581	27	24	0	-5.2	27	-24	30
32858	204	581	27	24	0	-5.2	27	-24	30
21807	233	581	27	24	0	-5.2	27	-24	30
28304	262	581	27	24	0	-5.2	27	-24	30
23849	291	581	27	24	0	-5.2	27	-24	30
22604	320	581	27	24	0	-5.2	27	-24	30
20998	349	581	27	24	0	-5.2	27	-24	30
37197	378	581	27	24	0	-5.2	27	-24	30
22612	407	581	27	24	0	-5.2	27	-24	30
20955	436	581	27	24	0	-5.2	27	-24	30
20925	465	581	27	24	0	-5.2	27	-24	30
25745	494	581	27	24	0	-5.2	27	-24	30
32047	523	581	27	24	0	-5.2	27	-24	30
21898	552	581	27	24	0	-5.2	27	-24	30
26234	581	581	27	24	0	-5.2	27	-24	30
19977	610	581	27	24	0	-5.2	27	-24	30
35805	639	581	27	24	0	-5.2	27	-24	30
20116	668	581	27	24	0	-5.2	27	-24	30
26152	697	581	27	24	0	-5.2	27	-24	30
20869	726	581	27	24	0	-5.2	27	-24	30
21191	755	581	27	24	0	-5.2	27	-24	30
25954	784	581	27	24	0	-5.2	27	-24	30
31561	813	581	27	24	0	-5.2	27	-24	30
23041	842	581	27	24	0	-5.2	27	-24	30
24913	871	581	27	24	0	-5.2	27	-24	30
20845	900	581	27	24	0	-5.2	27	-24	30
21628	929	581	27	24	0	-5.2	27	-24	30
21364	958	581	27	24	0	-5.2	27	-24	30
30701	1	610	27	24	0	-5.2	27	-24	30
20572	30	610	27	24	0	-5.2	27	-24	30
29053	59	610	27	24	0	-5.2	27	-24	30
36212	88	610	27	24	0	-5.2	27	-24	30
38182	117	610	27	24	0	-5.2	27	-24	30
36187	146	610	27	24	0	-5.2	27	-24	30
36194	175	610	27	24	0	-5.2	27	-24	30
31232	204	610	27	24	0	-5.2	27	-24	30
31192	233	610	27	24	0	-5.2	27	-24	30
35776	262	610	27	24	0	-5.2	27	-24	30
26684	291	610	27	24	0	-5.2	27	-24	30
25377	320	610	27	24	0	-5.2	27	-24	30
38190	349	610	27	24	0	-5.2	27	-24	30
30424	378	610	27	24	0	-5.2	27	-24	30
26564	407	610	27	24	0	-5.2	27	-24	30
25269	436	610	27	24	0	-5.2	27	-24	30
29467	465	610	27	24	0	-5.2	27	-24	30
30462	494	610	27	24	0	-5.2	27	-24	30
31361	523	610	27	24	0	-5.2	27	-24	30
24688	552	610	27	24	0	-5.2	27	-24	30
29978	581	610	27	24	0	-5.2	27	-24	30
33267	610	610	27	24	0	-5.2	27	-24	30
21453	639	610	27	24	0	-5.2	27	-24	30
24377	668	610	27	24	0	-5.2	27	-24	30
25276	697	610	27	24	0	-5.2	27	-24	30
21830	726	610	27	24	0	-5.2	27	-24	30
24215	755	610	27	24	0	-5.2	27	-24	30
24930	784	610	27	24	0	-5.2	27	-24	30
20284	813	610	27	24	0	-5.2	27	-24	30
36275	842	610	27	24	0	-5.2	27	-24	30
36141	871	610	27	24	0	-5.2	27	-24	30
20080	900	610	27	24	0	-5.2	27	-24	30
21806	929	610	27	24	0	-5.2	27	-24	30
32580	958	610	27	24	0	-5.2	27	-24	30
32477	1	639	27	24	0	-5.2	27	-24	30
20339	30	639	27	24	0	-5.2	27	-24	30
21097	59	639	27	24	0	-5.2	27	-24	30
30343	88	639	27	24	0	-5.2	27	-24	30
36182	117	639	27	24	0	-5.2	27	-24	30
30913	146	639	27	24	0	-5.2	27	-24	30
38663	175	639	27	24	0	-5.2	27	-24	30
21387	204	639	27	24	0	-5.2	27	-24	30
25153	233	639	27	24	0	-5.2	27	-24	30
23721	262	639	27	24	0	-5.2	27	-24	30
30707	291	639	27	24	0	-5.2	27	-24	30
35010	320	639	27	24	0	-5.2	27	-24	30
26126	349	639	27	24	0	-5.2	27	-24	30
38468	378	639	27	24	0	-5.2	27	-24	30
32479	407	639	27	24	0	-5.2	27	-24	30
24517	436	639	27	24	0	-5.2	27	-24	30
39035	465	639	27	24	0	-5.2	27	-24	30
24179	494	639	27	24	0	-5.2	27	-24	30
21319	523	639	27	24	0	-5.2	27	-24	30
31639	552	639	27	24	0	-5.2	27	-24	30
26379	581	639	27	24	0	-5.2	27	-24	30
22681	610	639	27	24	0	-5.2	27	-24	30
22721	639	639	27	24	0	-5.2	27	-24	30
36460	668	639	27	24	0	-5.2	27	-24	30
36291	697	639	27	24	0	-5.2	27	-24	30
28216	726	639	27	24	0	-5.2	27	-24	30
29609	755	639	27	24	0	-5.2	27	-24	30
28436	784	639	27	24	0	-5.2	27	-24	30
29256	813	639	27	24	0	-5.2	27	-24	30
23481	842	639	27	24	0	-5.2	27	-24	30
39044	871	639	27	24	0	-5.2	27	-24	30
35299	900	639	27	24	0	-5.2	27	-24	30
25103	929	639	27	24	0	-5.2	27	-24	30
20313	958	639	27	24	0	-5.2	27	-24	30
37096	1	668	27	24	0	-5.2	27	-24	30
23436	30	668	27	24	0	-5.2	27	-24	30
25324	59	668	27	24	0	-5.2	27	-24	30
36259	88	668	27	24	0	-5.2	27	-24	30
30028	117	668	27	24	0	-5.2	27	-24	30
26576	146	668	27	24	0	-5.2	27	-24	30
26421	175	668	27	24	0	-5.2	27	-24	30
33457	204	668	27	24	0	-5.2	27	-24	30
27010	233	668	27	24	0	-5.2	27	-24	30
24565	262	668	27	24	0	-5.2	27	-24	30
20465	291	668	27	24	0	-5.2	27	-24	30
20048	320	668	27	24	0	-5.2	27	-24	30
24314	349	668	27	24	0	-5.2	27	-24	30
20037	378	668	27	24	0	-5.2	27	-24	30
22066	407	668	27	24	0	-5.2	27	-24	30
35773	436	668	27	24	0	-5.2	27	-24	30
21568	465	668	27	24	0	-5.2	27	-24	30
20804	494	668	27	24	0	-5.2	27	-24	30
24351	523	668	27	24	0	-5.2	27	-24	30
33829	552	668	27	24	0	-5.2	27	-24	30
20882	581	668	24	24	0	-5.2	24	-24	27
28418	610	668	27	24	0	-5.2	27	-24	30
20142	639	668	27	24	0	-5.2	27	-24	30
21992	668	668	27	24	0	-5.2	27	-24	30
38476	697	668	27	24	0	-5.2	27	-24	30
20859	726	668	27	24	0	-5.2	27	-24	30
23273	755	668	27	24	0	-5.2	27	-24	30
33469	784	668	27	24	0	-5.2	27	-24	30
21523	813	668	27	24	0	-5.2	27	-24	30
21804	842	668	27	24	0	-5.2	27	-24	30
26681	871	668	27	24	0	-5.2	27	-24	30
24189	900	668	27	24	0	-5.2	27	-24	30
32544	929	668	27	24	0	-5.2	27	-24	30
21734	958	668	27	24	0	-5.2	27	-24	30
38393	1	697	27	24	0	-5.2	27	-24	30
39740	30	697	27	24	0	-5.2	27	-24	30
27704	59	697	27	24	0	-5.2	27	-24	30
20658	88	697	27	24	0	-5.2	27	-24	30
26497	117	697	27	24	0	-5.2	27	-24	30
23627	146	697	27	24	0	-5.2	27	-24	30
39069	175	697	27	24	0	-5.2	27	-24	30
20030	204	697	27	24	0	-5.2	27	-24	30
29366	233	697	27	24	0	-5.2	27	-24	30
24577	262	697	27	24	0	-5.2	27	-24	30
25237	291	697	27	24	0	-5.2	27	-24	30
20041	320	697	27	24	0	-5.2	27	-24	30
35770	349	697	27	24	0	-5.2	27	-24	30
22363	378	697	27	24	0	-5.2	27	-24	30
36744	407	697	27	24	0	-5.2	27	-24	30
33521	436	697	27	24	0	-5.2	27	-24	30
38596	465	697	27	24	0	-5.2	27	-24	30
25950	494	697	27	24	0	-5.2	27	-24	30
36820	523	697	27	24	0	-5.2	27	-24	30
24425	552	697	27	24	0	-5.2	27	-24	30
27530	581	697	27	24	0	-5.2	27	-24	30
23494	610	697	27	24	0	-5.2	27	-24	30
38215	639	697	27	24	0	-5.2	27	-24	30
40664	668	697	27	24	0	-5.2	27	-24	30
40092	697	697	27	24	0	-5.2	27	-24	30
38899	726	697	27	24	0	-5.2	27	-24	30
38590	755	697	27	24	0	-5.2	27	-24	30
20183	784	697	27	24	0	-5.2	27	-24	30
31934	813	697	27	24	0	-5.2	27	-24	30
37034	842	697	27	24	0	-5.2	27	-24	30
20240	871	697	27	24	0	-5.2	27	-24	30
26408	900	697	27	24	0	-5.2	27	-24	30
24037	929	697	27	24	0	-5.2	27	-24	30
22362	958	697	27	24	0	-5.2	27	-24	30
35686	1	726	27	24	0	-5.2	27	-24	30
25317	30	726	27	24	0	-5.2	27	-24	30
25511	59	726	27	24	0	-5.2	27	-24	30
21338	88	726	27	24	0	-5.2	27	-24	30
40736	117	726	27	24	0	-5.2	27	-24	30
32764	146	726	27	24	0	-5.2	27	-24	30
20379	175	726	27	24	0	-5.2	27	-24	30
36895	204	726	27	24	0	-5.2	27	-24	30
33073	233	726	27	24	0	-5.2	27	-24	30
29190	262	726	27	24	0	-5.2	27	-24	30
38647	291	726	27	24	0	-5.2	27	-24	30
32626	320	726	27	24	0	-5.2	27	-24	30
24040	349	726	24	24	0	-5.2	24	-24	27
21170	378	726	27	24	0	-5.2	27	-24	30
21313	407	726	27	24	0	-5.2	27	-24	30
22411	436	726	27	24	0	-5.2	27	-24	30
38180	465	726	27	24	0	-5.2	27	-24	30
30828	494	726	27	24	0	-5.2	27	-24	30
33041	523	726	27	24	0	-5.2	27	-24	30
22771	552	726	27	24	0	-5.2	27	-24	30
32039	581	726	27	24	0	-5.2	27	-24	30
20945	610	726	27	24	0	-5.2	27	-24	30
33136	639	726	27	24	0	-5.2	27	-24	30
28526	668	726	27	24	0	-5.2	27	-24	30
33151	697	726	27	24	0	-5.2	27	-24	30
22266	726	726	27	24	0	-5.2	27	-24	30
24635	755	726	27	24	0	-5.2	27	-24	30
25140	784	726	27	24	0	-5.2	27	-24	30
31881	813	726	27	24	0	-5.2	27	-24	30
38400	842	726	27	24	0	-5.2	27	-24	30
29233	871	726	27	24	0	-5.2	27	-24	30
37239	900	726	27	24	0	-5.2	27	-24	30
24687	929	726	27	24	0	-5.2	27	-24	30
29312	958	726	27	24	0	-5.2	27	-24	30
35282	1	755	27	24	0	-5.2	27	-24	30
20247	30	755	27	24	0	-5.2	27	-24	30
21608	59	755	27	24	0	-5.2	27	-24	30
23574	88	755	27	24	0	-5.2	27	-24	30
30002	117	755	24	24	0	-5.2	24	-24	27
21547	146	755	27	24	0	-5.2	27	-24	30
20309	175	755	27	24	0	-5.2	27	-24	30
31867	204	755	27	24	0	-5.2	27	-24	30
22359	233	755	27	24	0	-5.2	27	-24	30
32553	262	755	27	24	0	-5.2	27	-24	30
24230	291	755	27	24	0	-5.2	27	-24	30
26538	320	755	27	24	0	-5.2	27	-24	30
38738	349	755	27	24	0	-5.2	27	-24	30
30544	378	755	27	24	0	-5.2	27	-24	30
21015	407	755	27	24	0	-5.2	27	-24	30
20855	436	755	27	24	0	-5.2	27	-24	30
23548	465	755	27	24	0	-5.2	27	-24	30
24615	494	755	27	24	0	-5.2	27	-24	30
37322	523	755	27	24	0	-5.2	27	-24	30
20806	552	755	27	24	0	-5.2	27	-24	30
33410	581	755	27	24	0	-5.2	27	-24	30
25454	610	755	27	24	0	-5.2	27	-24	30
21021	639	755	27	24	0	-5.2	27	-24	30
30171	668	755	27	24	0	-5.2	27	-24	30
27572	697	755	27	24	0	-5.2	27	-24	30
30001	726	755	24	24	0	-5.2	24	-24	27
36720	755	755	27	24	0	-5.2	27	-24	30
36755	784	755	27	24	0	-5.2	27	-24	30
20239	813	755	27	24	0	-5.2	27	-24	30
24418	842	755	27	24	0	-5.2	27	-24	30
31070	871	755	27	24	0	-5.2	27	-24	30
24062	900	755	27	24	0	-5.2	27	-24	30
35270	929	755	27	24	0	-5.2	27	-24	30
23453	958	755	27	24	0	-5.2	27	-24	30
21334	1	784	27	24	0	-5.2	27	-24	30
21380	30	784	27	24	0	-5.2	27	-24	30
36816	59	784	27	24	0	-5.2	27	-24	30
26263	88	784	27	24	0	-5.2	27	-24	30
32852	117	784	27	24	0	-5.2	27	-24	30
27835	146	784	27	24	0	-5.2	27	-24	30
21306	175	784	27	24	0	-5.2	27	-24	30
24535	204	784	27	24	0	-5.2	27	-24	30
24222	233	784	27	24	0	-5.2	27	-24	30
32447	262	784	27	24	0	-5.2	27	-24	30
31038	291	784	27	24	0	-5.2	27	-24	30
39280	320	784	27	24	0	-5.2	27	-24	30
21697	349	784	27	24	0	-5.2	27	-24	30
38155	378	784	27	24	0	-5.2	27	-24	30
33510	407	784	27	24	0	-5.2	27	-24	30
22857	436	784	27	24	0	-5.2	27	-24	30
36884	465	784	27	24	0	-5.2	27	-24	30
38160	494	784	27	24	0	-5.2	27	-24	30
20559	523	784	27	24	0	-5.2	27	-24	30
25195	552	784	27	24	0	-5.2	27	-24	30
25551	581	784	27	24	0	-5.2	27	-24	30
25366	610	784	27	24	0	-5.2	27	-24	30
25496	639	784	27	24	0	-5.2	27	-24	30
27745	668	784	27	24	0	-5.2	27	-24	30
33879	697	784	27	24	0	-5.2	27	-24	30
39318	726	784	27	24	0	-5.2	27	-24	30
35809	755	784	27	24	0	-5.2	27	-24	30
24322	784	784	27	24	0	-5.2	27	-24	30
20135	813	784	27	24	0	-5.2	27	-24	30
26399	842	784	27	24	0	-5.2	27	-24	30
24191	871	784	27	24	0	-5.2	27	-24	30
25703	900	784	27	24	0	-5.2	27	-24	30
33633	929	784	27	24	0	-5.2	27	-24	30
24039	958	784	27	24	0	-5.2	27	-24	30
34739	1	813	27	24	0	-5.2	27	-24	30
31471	30	813	27	24	0	-5.2	27	-24	30
25935	59	813	27	24	0	-5.2	27	-24	30
25463	88	813	27	24	0	-5.2	27	-24	30
38450	117	813	27	24	0	-5.2	27	-24	30
24481	146	813	27	24	0	-5.2	27	-24	30
33455	175	813	27	24	0	-5.2	27	-24	30
29255	204	813	27	24	0	-5.2	27	-24	30
35266	233	813	27	24	0	-5.2	27	-24	30
26366	262	813	27	24	0	-5.2	27	-24	30
22368	291	813	27	24	0	-5.2	27	-24	30
36866	320	813	27	24	0	-5.2	27	-24	30
22868	349	813	27	24	0	-5.2	27	-24	30
20329	378	813	27	24	0	-5.2	27	-24	30
39592	407	813	27	24	0	-5.2	27	-24	30
39612	436	813	27	24	0	-5.2	27	-24	30
24341	465	813	24	24	0	-5.2	24	-24	27
25806	494	813	27	24	0	-5.2	27	-24	30
26522	523	813	27	24	0	-5.2	27	-24	30
25235	552	813	27	24	0	-5.2	27	-24	30
20912	581	813	27	24	0	-5.2	27	-24	30
32570	610	813	27	24	0	-5.2	27	-24	30
38675	639	813	27	24	0	-5.2	27	-24	30
34425	668	813	27	24	0	-5.2	27	-24	30
26143	697	813	27	24	0	-5.2	27	-24	30
39063	726	813	27	24	0	-5.2	27	-24	30
20648	755	813	27	24	0	-5.2	27	-24	30
39066	784	813	27	24	0	-5.2	27	-24	30
21676	813	813	27	24	0	-5.2	27	-24	30
29408	842	813	27	24	0	-5.2	27	-24	30
31283	871	813	27	24	0	-5.2	27	-24	30
24594	900	813	27	24	0	-5.2	27	-24	30
28779	929	813	27	24	0	-5.2	27	-24	30
34913	958	813	27	24	0	-5.2	27	-24	30
29401	1	842	27	24	0	-5.2	27	-24	30
23588	30	842	27	24	0	-5.2	27	-24	30
25797	59	842	27	24	0	-5.2	27	-24	30
32536	88	842	27	24	0	-5.2	27	-24	30
38256	117	842	27	24	0	-5.2	27	-24	30
20992	146	842	27	24	0	-5.2	27	-24	30
29226	175	842	27	24	0	-5.2	27	-24	30
30952	204	842	27	24	0	-5.2	27	-24	30
30778	233	842	27	24	0	-5.2	27	-24	30
36718	262	842	27	24	0	-5.2	27	-24	30
28846	291	842	27	24	0	-5.2	27	-24	30
33391	320	842	27	24	0	-5.2	27	-24	30
20919	349	842	27	24	0	-5.2	27	-24	30
22686	378	842	27	24	0	-5.2	27	-24	30
21913	407	842	27	24	0	-5.2	27	-24	30
20196	436	842	27	24	0	-5.2	27	-24	30
26494	465	842	27	24	0	-5.2	27	-24	30
21326	494	842	27	24	0	-5.2	27	-24	30
20029	523	842	27	24	0	-5.2	27	-24	30
36861	552	842	27	24	0	-5.2	27	-24	30
19992	581	842	27	24	0	-5.2	27	-24	30
32709	610	842	27	24	0	-5.2	27	-24	30
33152	639	842	27	24	0	-5.2	27	-24	30
20828	668	842	27	24	0	-5.2	27	-24	30
24125	697	842	27	24	0	-5.2	27	-24	30
24352	726	842	27	24	0	-5.2	27	-24	30
28856	755	842	27	24	0	-5.2	27	-24	30
23506	784	842	27	24	0	-5.2	27	-24	30
36394	813	842	27	24	0	-5.2	27	-24	30
25512	842	842	27	24	0	-5.2	27	-24	30
24778	871	842	27	24	0	-5.2	27	-24	30
20811	900	842	27	24	0	-5.2	27	-24	30
36739	929	842	27	24	0	-5.2	27	-24	30
20161	958	842	27	24	0	-5.2	27	-24	30
21270	1	871	27	24	0	-5.2	27	-24	30
28369	30	871	27	24	0	-5.2	27	-24	30
32724	59	871	27	24	0	-5.2	27	-24	30
37213	88	871	27	24	0	-5.2	27	-24	30
37247	117	871	27	24	0	-5.2	27	-24	30
23089	146	871	27	24	0	-5.2	27	-24	30
27493	175	871	27	24	0	-5.2	27	-24	30
20892	204	871	27	24	0	-5.2	27	-24	30
24072	233	871	27	24	0	-5.2	27	-24	30
26415	262	871	27	24	0	-5.2	27	-24	30
39057	291	871	27	24	0	-5.2	27	-24	30
32597	320	871	27	24	0	-5.2	27	-24	30
28909	349	871	27	24	0	-5.2	27	-24	30
33016	378	871	27	24	0	-5.2	27	-24	30
24223	407	871	27	24	0	-5.2	27	-24	30
26009	436	871	27	24	0	-5.2	27	-24	30
31661	465	871	27	24	0	-5.2	27	-24	30
20241	494	871	27	24	0	-5.2	27	-24	30
38386	523	871	27	24	0	-5.2	27	-24	30
20165	552	871	27	24	0	-5.2	27	-24	30
39564	581	871	27	24	0	-5.2	27	-24	30
20016	610	871	27	24	0	-5.2	27	-24	30
23500	639	871	27	24	0	-5.2	27	-24	30
38062	668	871	27	24	0	-5.2	27	-24	30
20248	697	871	27	24	0	-5.2	27	-24	30
25259	726	871	27	24	0	-5.2	27	-24	30
34164	755	871	27	24	0	-5.2	27	-24	30
30450	784	871	27	24	0	-5.2	27	-24	30
36830	813	871	27	24	0	-5.2	27	-24	30
33050	842	871	27	24	0	-5.2	27	-24	30
22768	871	871	27	24	0	-5.2	27	-24	30
20463	900	871	27	24	0	-5.2	27	-24	30
30504	929	871	27	24	0	-5.2	27	-24	30
20975	958	871	27	24	0	-5.2	27	-24	30
25746	1	900	27	24	0	-5.2	27	-24	30
35854	30	900	27	24	0	-5.2	27	-24	30
25293	59	900	27	24	0	-5.2	27	-24	30
20180	88	900	27	24	0	-5.2	27	-24	30
32454	117	900	27	24	0	-5.2	27	-24	30
24149	146	900	27	24	0	-5.2	27	-24	30
29492	175	900	27	24	0	-5.2	27	-24	30
23614	204	900	27	24	0	-5.2	27	-24	30
23569	233	900	27	24	0	-5.2	27	-24	30
30011	262	900	27	24	0	-5.2	27	-24	30
21315	291	900	27	24	0	-5.2	27	-24	30
36203	320	900	27	24	0	-5.2	27	-24	30
27893	349	900	27	24	0	-5.2	27	-24	30
24796	378	900	27	24	0	-5.2	27	-24	30
21333	407	900	27	24	0	-5.2	27	-24	30
25773	436	900	27	24	0	-5.2	27	-24	30
26222	465	900	27	24	0	-5.2	27	-24	30
20943	494	900	27	24	0	-5.2	27	-24	30
26059	523	900	27	24	0	-5.2	27	-24	30
25381	552	900	27	24	0	-5.2	27	-24	30
33310	581	900	27	24	0	-5.2	27	-24	30
29699	610	900	27	24	0	-5.2	27	-24	30
31186	639	900	27	24	0	-5.2	27	-24	30
30596	668	900	27	24	0	-5.2	27	-24	30
28781	697	900	27	24	0	-5.2	27	-24	30
30636	726	900	27	24	0	-5.2	27	-24	30
30053	755	900	27	24	0	-5.2	27	-24	30
36143	784	900	27	24	0	-5.2	27	-24	30
24067	813	900	27	24	0	-5.2	27	-24	30
30776	842	900	27	24	0	-5.2	27	-24	30
25215	871	900	27	24	0	-5.2	27	-24	30
20540	900	900	27	24	0	-5.2	27	-24	30
26025	929	900	27	24	0	-5.2	27	-24	30
27700	958	900	27	24	0	-5.2	27	-24	30
33539	1	929	27	24	0	-5.2	27	-24	30
22260	30	929	27	24	0	-5.2	27	-24	30
34691	59	929	27	24	0	-5.2	27	-24	30
34809	88	929	27	24	0	-5.2	27	-24	30
27515	117	929	27	24	0	-5.2	27	-24	30
20129	146	929	27	24	0	-5.2	27	-24	30
12289	175	929	8	5	0	-14.7	8	-5	11
36865	204	929	27	24	0	-5.2	27	-24	30
38745	233	929	27	24	0	-5.2	27	-24	30
40857	262	929	27	24	0	-5.2	27	-24	30
21367	291	929	27	24	0	-5.2	27	-24	30
21246	320	929	27	24	0	-5.2	27	-24	30
38130	349	929	27	24	0	-5.2	27	-24	30
22270	378	929	27	24	0	-5.2	27	-24	30
38191	407	929	27	24	0	-5.2	27	-24	30
40831	436	929	27	24	0	-5.2	27	-24	30
36776	465	929	27	24	0	-5.2	27	-24	30
29575	494	929	27	24	0	-5.2	27	-24	30
23631	523	929	27	24	0	-5.2	27	-24	30
22402	552	929	27	24	0	-5.2	27	-24	30
25671	581	929	27	24	0	-5.2	27	-24	30
26438	610	929	27	24	0	-5.2	27	-24	30
27178	639	929	27	24	0	-5.2	27	-24	30
36724	668	929	27	24	0	-5.2	27	-24	30
25203	697	929	27	24	0	-5.2	27	-24	30
34013	726	929	27	24	0	-5.2	27	-24	30
26354	755	929	27	24	0	-5.2	27	-24	30
27225	784	929	27	24	0	-5.2	27	-24	30
39532	813	929	27	24	0	-5.2	27	-24	30
22242	842	929	27	24	0	-5.2	27	-24	30
26432	871	929	27	24	0	-5.2	27	-24	30
28784	900	929	27	24	0	-5.2	27	-24	30
40644	929	929	27	24	0	-5.2	27	-24	30
32043	958	929	27	24	0	-5.2	27	-24	30
28843	1	958	27	24	0	-5.2	27	-24	30
28908	30	958	27	24	0	-5.2	27	-24	30
33609	59	958	27	24	0	-5.2	27	-24	30
33683	88	958	27	24	0	-5.2	27	-24	30
30333	117	958	24	24	0	-5.2	24	-24	27
31735	146	958	27	24	0	-5.2	27	-24	30
30142	175	958	27	24	0	-5.2	27	-24	30
29228	204	958	27	24	0	-5.2	27	-24	30
34411	233	958	27	24	0	-5.2	27	-24	30
34180	262	958	27	24	0	-5.2	27	-24	30
33655	291	958	27	24	0	-5.2	27	-24	30
27744	320	958	27	24	0	-5.2	27	-24	30
40657	349	958	27	24	0	-5.2	27	-24	30
21320	378	958	27	24	0	-5.2	27	-24	30
22812	407	958	27	24	0	-5.2	27	-24	30
29980	436	958	27	24	0	-5.2	27	-24	30
34588	465	958	27	24	0	-5.2	27	-24	30
20167	494	958	27	24	0	-5.2	27	-24	30
29076	523	958	27	24	0	-5.2	27	-24	30
28082	552	958	27	24	0	-5.2	27	-24	30
33268	581	958	27	24	0	-5.2	27	-24	30
24449	610	958	27	24	0	-5.2	27	-24	30
26480	639	958	27	24	0	-5.2	27	-24	30
25670	668	958	27	24	0	-5.2	27	-24	30
21495	697	958	27	24	0	-5.2	27	-24	30
21619	726	958	27	24	0	-5.2	27	-24	30
26705	755	958	27	24	0	-5.2	27	-24	30
24052	784	958	24	24	0	-5.2	24	-24	27
26031	813	958	27	24	0	-5.2	27	-24	30
25289	842	958	27	24	0	-5.2	27	-24	30
35946	871	958	27	24	0	-5.2	27	-24	30
26723	900	958	27	24	0	-5.2	27	-24	30
35835	929	958	27	24	0	-5.2	27	-24	30
28040	958	958	27	24	0	-5.2	27	-24	30
20215	1	987	27	24	0	-5.2	27	-24	30
20179	30	987	27	24	0	-5.2	27	-24	30
24211	59	987	27	24	0	-5.2	27	-24	30
28385	88	987	27	24	0	-5.2	27	-24	30
25490	117	987	27	24	0	-5.2	27	-24	30
27133	146	987	27	24	0	-5.2	27	-24	30
24405	175	987	27	24	0	-5.2	27	-24	30
23578	204	987	27	24	0	-5.2	27	-24	30
26242	233	987	27	24	0	-5.2	27	-24	30
65281	262	987	5	22	0	-6.2	5	-22	8
21381	291	987	27	24	0	-5.2	27	-24	30
38480	320	987	27	24	0	-5.2	27	-24	30
65311	349	987	19	22	0	-6.2	19	-22	22
36733	378	987	27	24	0	-5.2	27	-24	30
31616	407	987	27	24	0	-5.2	27	-24	30
25991	436	987	27	24	0	-5.2	27	-24	30
39029	465	987	27	24	0	-5.2	27	-24	30
